date,open,high,low,close,volume,Adjclose,j-index
16:00,119.2,119.24,117.65,117.77,"17,791,506",117.77,1
12/12/16,119.22,119.24,117.65,117.77,17782470,117.77,1
12/9/16,119.22,119.94,118.95,119.68,17452710,119.68,1
12/8/16,117.98,119.5,117.64,118.91,22427310,118.91,1
12/7/16,117,117.95,116.57,117.95,21891800,117.95,-1
12/6/16,117.69,117.795,116.33,117.31,19089060,117.31,-1
12/5/16,115.95,117.57,115.07,117.43,20123920,117.43,1
12/2/16,115.11,116.48,114.3,115.4,25050450,115.4,1
12/1/16,118.38,118.45,114,115.1,43231480,115.1,-1
11/30/16,120.32,121.79,117.95,118.42,30135230,118.42,-1
11/29/16,120.57,122.1,120.4,120.87,18871130,120.87,1
11/28/16,120.12,121.69,119.82,120.41,18081770,120.41,0
11/25/16,121.01,121.14,120.07,120.38,8658605,120.38,1
11/23/16,121.23,121.31,119.94,120.84,15646580,120.84,1
11/22/16,122.4,122.98,120.9,121.47,26006340,121.47,1
11/21/16,118.2,121.95,117.8,121.77,35359460,121.77,1
11/18/16,118.39,119.13,116.84,117.02,22768330,117.02,1
11/17/16,116.81,117.79,116.01,117.79,18570820,117.79,-1
11/16/16,114.48,117.88,114.21,116.34,32358800,116.34,1
11/15/16,116.73,118.49,115.83,117.2,34629110,117.2,1
11/14/16,119.1256,119.1256,113.5535,115.08,51315610,115.08,1
11/11/16,119.53,120.7,118.15,119.02,32814370,119.02,-1
11/10/16,123.93,124.18,115.27,120.8,67808300,120.8,-1
11/9/16,121.5,123.81,120.51,123.18,31883790,123.18,1
11/8/16,122.03,124.61,121.54,124.22,19391790,124.22,-1
11/7/16,122.83,123.2089,121.35,122.15,22957100,122.15,0
11/4/16,119.59,121.93,119.25,120.75,30468330,120.75,-1
11/3/16,122,123.28,119.5,120,63660540,120,1
11/2/16,130.23,130.23,126.28,127.17,43895660,127.17,-1
11/1/16,131.41,131.94,128.65,129.5,21974210,129.5,1
10/31/16,132.01,132.12,130.8835,130.99,15649280,130.99,-1
10/28/16,130.5,132.97,129.93,131.29,24500920,131.29,1
10/27/16,131.74,131.8,129.27,129.69,16628680,129.69,1
10/26/16,131.64,132.26,130.935,131.04,13066210,131.04,1
10/25/16,133.5,133.5,132.22,132.29,13307700,132.29,-1
10/24/16,132.72,133.405,132.15,133.28,17420290,133.28,1
10/21/16,129.78,132.13,129.7,132.07,18983740,132.07,1
10/20/16,130.07,130.66,129.5,130,13148980,130,1
10/19/16,128.74,130.47,128.6,130.11,16723000,130.11,1
10/18/16,128.68,129.39,128.01,128.57,13487280,128.57,1
10/17/16,128.2,128.47,127.32,127.54,11317650,127.54,-1
10/14/16,128.49,128.95,127.58,127.88,13335970,127.88,-1
10/13/16,128.21,128.25,126.75,127.82,17106910,127.82,1
10/12/16,129.01,129.66,128.46,129.05,11043240,129.05,0
10/11/16,130.23,130.64,128.23,128.88,17508530,128.88,-1
10/10/16,129.68,130.7,129.2,130.24,15113560,130.24,-1
10/7/16,129.04,129.25,128.33,128.99,12800360,128.99,1
10/6/16,128.43,129.06,128.08,128.74,11673340,128.74,1
10/5/16,128.25,128.8,127.83,128.47,12354920,128.47,1
10/4/16,129.17,129.2765,127.5499,128.19,14294610,128.19,-1
10/3/16,128.38,129.09,127.8,128.77,13134510,128.77,1
9/30/16,128.03,128.59,127.45,128.27,18392040,128.27,-1
9/29/16,129.18,129.29,127.55,128.09,14489880,128.09,1
9/28/16,129.21,129.47,128.4,129.23,12035720,129.23,-1
9/27/16,127.61,129.01,127.43,128.69,15600130,128.69,-1
9/26/16,127.37,128.16,126.8,127.31,15041370,127.31,0
9/23/16,127.56,128.6,127.3,127.96,28293920,127.96,1
9/22/16,130.5,130.73,129.56,130.08,15358850,130.08,-1
9/21/16,129.13,130.005,128.39,129.94,14045780,129.94,0
9/20/16,128.65,129.17,128.0307,128.64,11076150,128.64,1
9/19/16,129.91,129.94,128.26,128.65,14927990,128.65,-1
9/16/16,128.2,129.18,128.2,129.07,24083560,129.07,-1
9/15/16,127.98,129.1,127.67,128.35,15084660,128.35,1
9/14/16,126.89,128.8,126.89,127.77,15712050,127.77,-1
9/13/16,128.03,128.35,126.66,127.21,17987510,127.21,1
9/12/16,125.96,128.76,125.75,128.69,21159830,128.69,-1
9/9/16,129.71,129.949,127.1,127.1,26963940,127.1,-1
9/8/16,130.92,131.08,129.81,130.27,15655250,130.27,1
9/7/16,130.04,131.98,129.95,131.05,27942000,131.05,-1
9/6/16,126.67,129.94,126.47,129.73,26241480,129.73,1
9/2/16,126.85,126.86,126,126.51,12074470,126.51,1
9/1/16,126.38,126.63,125.6,126.17,13522260,126.17,-1
8/31/16,125.6,126.22,125.1,126.12,14183190,126.12,1
8/30/16,126.6,126.6,125.15,125.84,17778300,125.84,-1
8/29/16,124.35,126.73,124.35,126.54,15901270,126.54,-1
8/26/16,124.05,125.19,123.91,124.96,17467840,124.96,1
8/25/16,123.12,124.37,123.1,123.89,10720680,123.89,-1
8/24/16,124.47,124.69,123.09,123.48,12226720,123.48,1
8/23/16,124.51,125.09,124.25,124.37,13302050,124.37,1
8/22/16,123.33,124.83,123.11,124.15,14377070,124.15,-1
8/19/16,123.6,124.157,123.28,123.56,11582430,123.56,1
8/18/16,124.01,124.26,123.64,123.91,12378280,123.91,-1
8/17/16,123.66,124.38,122.85,124.37,13759700,124.37,-1
8/16/16,123.5,123.92,122.78,123.3,14209580,123.3,1
8/15/16,124.91,124.92,123.7,123.9,19280400,123.9,0
8/12/16,124.7,125,124.18,124.88,12146150,124.88,-1
8/11/16,125.2,125.38,124.75,124.9,11708610,124.9,1
8/10/16,125.07,125.48,124.54,124.88,10645370,124.88,1
8/9/16,125.34,126.09,124.53,125.06,19587330,125.06,-1
8/8/16,125.25,125.45,124.55,125.26,15216950,125.26,1
8/5/16,124.98,125.835,124.6184,125.15,20144810,125.15,-1
8/4/16,122.94,124.79,122.51,124.36,21052200,124.36,-1
8/3/16,123.09,123.92,122.31,122.51,18479970,122.51,1
8/2/16,124.06,124.8,122.07,123.09,23919790,123.09,1
8/1/16,123.85,124.58,122.86,124.31,24986020,124.31,-1
7/29/16,124.65,125.84,123.71,123.94,34943890,123.94,1
7/28/16,127.52,128.33,123.63,125,78673980,125,-1
7/27/16,122.42,125,121.51,123.34,50218420,123.34,-1
7/26/16,122,122.07,120.75,121.22,17417060,121.22,-1
7/25/16,121.39,121.85,117.78,121.63,18453230,121.63,1
7/22/16,119.9,121.01,119.31,121,18363590,121,-1
7/21/16,121.92,122.1,120.25,120.61,17787630,120.61,1
7/20/16,121.25,122.2,120.56,121.92,19991920,121.92,0
7/19/16,118.99,120.85,118.66,120.61,21502910,120.61,1
7/18/16,117.32,119.61,116.89,119.37,20816900,119.37,1
7/15/16,117.74,118.28,116.58,116.86,16601530,116.86,1
7/14/16,117.5,117.64,116.7,117.29,14554060,117.29,1
7/13/16,118.39,118.4,116.68,116.78,16180680,116.78,1
7/12/16,118.63,118.72,117.57,117.93,15084590,117.93,-1
7/11/16,117.71,118.7,117.5,117.87,17613670,117.87,-1
7/8/16,116.43,117.5,115.85,117.24,18117330,117.24,-1
7/7/16,116.63,116.97,115.36,115.85,16612350,115.85,-1
7/6/16,113.36,116.79,112.97,116.7,24318520,116.7,1
7/5/16,113.94,114.11,112.97,114,14206220,114,1
7/1/16,114.2,115.13,113.81,114.19,14955080,114.19,1
6/30/16,114.67,115.18,113.67,114.28,23159510,114.28,1
6/29/16,113.37,114.25,113.04,114.16,20935530,114.16,1
6/28/16,110.63,112.75,110.55,112.7,26772900,112.7,-1
6/27/16,111.57,111.57,108.23,108.97,36172810,108.97,1
6/24/16,111.01,113.68,111,112.08,40555840,112.08,-1
6/23/16,114.37,115.09,113.54,115.08,16096460,115.08,1
6/22/16,114.65,114.74,113.61,113.91,14811570,113.91,1
6/21/16,114.12,115.2142,113.97,114.38,18997270,114.38,1
6/20/16,113.77,114.72,112.75,113.37,20746500,113.37,-1
6/17/16,114.42,114.43,112.56,113.02,24410770,113.02,1
6/16/16,113.87,114.5,112.94,114.39,19207560,114.39,-1
6/15/16,115.3,115.44,114.07,114.6,19789270,114.6,-1
6/14/16,114.07,114.95,113.58,114.94,17573960,114.94,-1
6/13/16,115,115.48,113.31,113.95,31675970,113.95,-1
6/10/16,117.54,118.11,116.26,116.62,18474380,116.62,1
6/9/16,118.13,118.68,117.71,118.56,13842230,118.56,1
6/8/16,117.76,118.6,117.27,118.39,14493990,118.39,-1
6/7/16,119.24,119.3,117.67,117.76,17069990,117.76,1
6/6/16,118.62,119.43,118.36,118.79,12721610,118.79,-1
6/3/16,118.975,118.98,117.86,118.47,14115480,118.47,-1
6/2/16,118.69,119.44,118.22,118.93,13216260,118.93,1
6/1/16,118.5,119.08,117.82,118.78,15003570,118.78,1
5/31/16,119.46,120.1,118.121,118.81,23526050,118.81,1
5/27/16,119.56,119.85,119.01,119.38,13476050,119.38,1
5/26/16,118.24,119.7601,117.92,119.47,18437640,119.47,-1
5/25/16,118.13,118.665,117.38,117.89,20026150,117.89,-1
5/24/16,116.24,117.73,116.12,117.7,20156400,117.7,1
5/23/16,117.42,117.6,115.94,115.97,20409860,115.97,1
5/20/16,116.96,117.99,116.95,117.35,18893950,117.35,-1
5/19/16,117.05,117.49,115.88,116.81,20510770,116.81,1
5/18/16,116.8,118.27,116.73,117.65,21596120,117.65,1
5/17/16,118.82,119.01,117.2,117.35,21296660,117.35,-1
5/16/16,119.38,119.61,117.35,118.67,31188070,118.67,1
5/13/16,120.38,120.64,119.68,119.81,18077540,119.81,1
5/12/16,119.98,120.84,118.9,120.28,21649010,120.28,1
5/11/16,120.41,121.08,119.42,119.52,21976560,119.52,1
5/10/16,119.62,120.5,119,120.5,23127390,120.5,1
5/9/16,119.54,120.28,118.9,119.24,21097310,119.24,-1
5/6/16,117.16,119.637,117.1127,119.49,26362480,119.49,0
5/5/16,118.04,118.98,117.25,117.81,22032830,117.81,0
5/4/16,116.61,118.3,116.57,118.06,23414270,118.06,-1
5/3/16,117.52,118.16,117.02,117.43,24087870,117.43,0
5/2/16,117.83,118.73,116.57,118.57,27789510,118.57,-1
4/29/16,116.82,117.84,115.84,117.58,37106010,117.58,-1
4/28/16,119.575,120.79,116.23,116.73,86913390,116.73,-1
4/27/16,107.94,108.94,106.31,108.89,50504560,108.89,-1
4/26/16,110.49,110.5,108.15,108.76,22393840,108.76,1
4/25/16,109.87,110.67,109.07,110.1,20997040,110.1,1
4/22/16,111.21,111.75,109.01,110.56,38397070,110.56,1
4/21/16,112.55,114.04,112.31,113.44,20711310,113.44,1
4/20/16,112.43,113.27,111.56,112.42,21020820,112.42,-1
4/19/16,111.1,112.45,109.16,112.29,30177490,112.29,-1
4/18/16,109.74,110.81,109.2,110.45,21127750,110.45,1
4/15/16,110.79,110.97,109.2,109.64,20793730,109.64,1
4/14/16,110.62,112.04,110.26,110.84,28439970,110.84,1
4/13/16,112.23,112.65,106.52,110.51,88165850,110.51,-1
4/12/16,109.34,111.1645,108.99,110.61,26190250,110.61,1
4/11/16,110.7,110.91,108.77,108.99,39707140,108.99,1
4/8/16,114.25,114.33,109.9,110.63,48467350,110.63,-1
4/7/16,113.79,114.89,113.0663,113.64,20683460,113.64,-1
4/6/16,112.47,113.81,112.42,113.71,20794390,113.71,-1
4/5/16,112.11,113.32,111.9,112.22,22779490,112.22,-1
4/4/16,114.07,114.55,111.61,112.55,48418260,112.55,-1
4/1/16,113.75,116.17,113.35,116.06,24751160,116.06,-1
3/31/16,114.7,115.01,113.7682,114.1,21171030,114.1,-1
3/30/16,116.73,116.99,114.355,114.7,33196410,114.7,1
3/29/16,113.83,116.32,113.64,116.14,29789720,116.14,-1
3/28/16,113.32,114.5889,112.95,113.69,21332720,113.69,-1
3/24/16,112.13,113.09,111.68,113.05,17157540,113.05,1
3/23/16,112.01,113.19,112,112.54,18546450,112.54,0
3/22/16,111.36,112.88,111.17,112.25,18989920,112.25,-1
3/21/16,111.66,112.37,111.03,111.85,18430870,111.85,-1
3/18/16,111.56,112.42,110.27,111.45,36265530,111.45,-1
3/17/16,112.15,112.69,110.73,111.02,24215410,111.02,-1
3/16/16,110.49,112.5,110.1,112.18,24696190,112.18,1
3/15/16,109.11,110.83,108.84,110.67,17596280,110.67,1
3/14/16,109.28,110.33,108.77,109.89,17240940,109.89,1
3/11/16,108.48,109.42,107.92,109.41,20667610,109.41,-1
3/10/16,107.91,108.66,105.7699,107.32,24835810,107.32,-1
3/9/16,106.7,107.51,105.49,107.51,20458320,107.51,-1
3/8/16,104.78,107.37,104.4,105.93,25582660,105.93,1
3/7/16,108.07,108.07,104.72,105.73,31487180,105.73,1
3/4/16,110.05,110.05,107.93,108.39,24908230,108.39,1
3/3/16,110.25,110.3,108.54,109.58,21337720,109.58,1
3/2/16,109.68,110.55,108.77,109.95,25656490,109.95,-1
3/1/16,107.83,109.82,107.6,109.82,26743550,109.82,1
2/29/16,107.6,108.9101,106.75,106.92,32739960,106.92,1
2/26/16,108.7,109.45,107.16,107.92,26658020,107.92,-1
2/25/16,107.11,108.07,105.61,108.07,29862100,108.07,-1
2/24/16,104.21,106.95,102.74,106.88,34313290,106.88,1
2/23/16,106.85,107.47,105.12,105.46,25279170,105.46,-1
2/22/16,105.49,108.25,105.34,107.16,35675920,107.16,1
2/19/16,102.55,105.02,102.06,104.57,32385500,104.57,-1
2/18/16,105.8,106,103.03,103.47,29543040,103.47,1
2/17/16,101.94,105.72,100.4,105.2,44009090,105.2,-1
2/16/16,103.8,103.93,100.24,101.61,45604490,101.61,0
2/12/16,103.74,104.24,101.09,102.01,36158700,102.01,-1
2/11/16,99.6,105.11,98.88,101.91,43598890,101.91,-1
2/10/16,101.55,103.25,100.24,101,45044840,101,1
2/9/16,97.14,102.4,96.82,99.54,62616740,99.54,-1
2/8/16,100.41,102.68,97.46,99.75,71119290,99.75,-1
2/5/16,109.51,109.58,103.18,104.07,76801180,104.07,-1
2/4/16,111.8,111.94,109.25,110.49,38784240,110.49,-1
2/3/16,115.27,115.3407,109.75,112.69,56867520,112.69,1
2/2/16,114.8,117.59,113.2,114.61,59704890,114.61,1
2/1/16,112.27,115.72,112.01,115.09,46025570,115.09,-1
1/29/16,108.99,112.84,108.84,112.21,62660640,112.21,1
1/28/16,107.2,110.34,104.81,109.11,107251300,109.11,-1
1/27/16,97.79,97.85,94.23,94.45,53505580,94.45,1
1/26/16,97.76,97.88,95.66,97.34,26749760,97.34,1
1/25/16,98.72,99.48,96.93,97.01,32382100,97.01,-1
1/22/16,96.41,98.07,95.49,97.94,30371970,97.94,-1
1/21/16,94.91,95.99,92.62,94.16,30479780,94.16,-1
1/20/16,92.83,95,89.37,94.35,59015930,94.35,-1
1/19/16,96.53,97.42,93.92,95.26,30840640,95.26,-1
1/15/16,93.98,96.38,93.54,94.97,46068460,94.97,1
1/14/16,95.85,98.87,92.45,98.37,48617610,98.37,-1
1/13/16,100.58,100.58,95.21,95.44,33297700,95.44,0
1/12/16,99,99.96,97.55,99.37,28301680,99.37,-1
1/11/16,97.91,98.6,95.39,97.51,29896390,97.51,-1
1/8/16,99.88,100.5,97.0311,97.33,35351010,97.33,-1
1/7/16,100.5,101.43,97.3,97.92,45038210,97.92,-1
1/6/16,101.13,103.77,100.9,102.97,25046390,102.97,-1
1/5/16,102.89,103.7099,101.665,102.73,23238890,102.73,0
1/4/16,101.95,102.24,99.75,102.22,37846820,102.22,1
12/31/15,106,106.17,104.62,104.66,18382210,104.66,1
12/30/15,107,107.25,106.06,106.22,13103910,106.22,1
12/29/15,106.42,107.74,106.25,107.26,17149240,107.26,-1
12/28/15,105.02,105.98,104.53,105.93,13045160,105.93,0
12/24/15,104.74,105.32,104.5,105.02,6512134,105.02,-1
12/23/15,105.89,106.11,103.86,104.63,19571550,104.63,-1
12/22/15,105.22,105.6601,104.81,105.51,14584780,105.51,-1
12/21/15,104.91,105.15,103.6,104.77,16105710,104.77,1
12/18/15,106.08,106.59,103.97,104.04,35810840,104.04,1
12/17/15,107.49,107.75,106.13,106.22,21580540,106.22,-1
12/16/15,105.37,107.09,104.19,106.79,22095830,106.79,-1
12/15/15,105.3,105.8,104.28,104.55,21697070,104.55,1
12/14/15,102.285,104.74,101.46,104.66,24693110,104.66,-1
12/11/15,104.15,104.34,101.91,102.12,26357790,102.12,-1
12/10/15,105.05,106.4,104.41,105.42,17435630,105.42,-1
12/9/15,106.18,106.44,103.55,104.6,23468200,104.6,1
12/8/15,104,106.91,103.95,106.49,20376290,106.49,-1
12/7/15,106.48,106.83,104.66,105.61,15447530,105.61,1
12/4/15,104.81,107.73,104.11,106.18,21212310,106.18,-1
12/3/15,106.27,106.85,103.35,104.38,23193110,104.38,1
12/2/15,107,107.92,105.79,106.07,24334420,106.07,-1
12/1/15,104.83,107.15,104.5,107.12,22743200,107.12,1
11/30/15,105.84,106.0999,103.75,104.24,20055950,104.24,-1
11/27/15,105.78,105.96,104.86,105.45,5913066,105.45,1
11/25/15,106.33,106.6,105.1,105.41,15140370,105.41,0
11/24/15,106,106.49,104.39,105.74,23512790,105.74,1
11/23/15,107.19,107.468,106.08,106.95,19740130,106.95,1
11/20/15,106.84,107.87,106.62,107.32,22102030,107.32,1
11/19/15,107.36,107.73,105.95,106.26,25492640,106.26,1
11/18/15,105.8,107.88,105.39,107.77,23797450,107.77,-1
11/17/15,104.62,106.2,104.14,105.13,26774350,105.13,-1
11/16/15,103.32,104.17,100.47,104.04,49256510,104.04,1
11/13/15,107.71,108.25,103.83,103.95,30161510,103.95,1
11/12/15,108.48,109.39,108,108.02,20852000,108.02,1
11/11/15,108.27,109.87,107.11,109.01,25023690,109.01,1
11/10/15,105.96,108.15,105.24,107.91,24999520,107.91,1
11/9/15,107,108.25,105.86,106.49,26354740,106.49,1
11/6/15,108.04,108.74,105.91,107.095,35046680,107.095,1
11/5/15,108.8,110.65,107.95,108.76,63142550,108.76,0
11/4/15,103.19,104.14,102.48,103.94,41832160,103.94,-1
11/3/15,103.22,103.65,102.4,102.58,21178920,102.58,1
11/2/15,102.46,103.47,101.18,103.31,23972130,103.31,1
10/30/15,104.51,104.72,101.65,101.97,33436740,101.97,1
10/29/15,103.96,105.12,103.52,104.88,20157920,104.88,-1
10/28/15,103.9,104.48,102.92,104.2,24053690,104.2,1
10/27/15,102.94,104.1,102.4,103.7,23741160,103.7,1
10/26/15,102.2,103.81,101.55,103.77,25912180,103.77,-1
10/23/15,101.91,102.85,100.16,102.19,42754060,102.19,1
10/22/15,97.79,99.73,97.55,99.67,25971110,99.67,1
10/21/15,97.37,98.18,96.47,97.11,21971730,97.11,-1
10/20/15,98.73,99.59,96.56,97,30824330,97,1
10/19/15,97.18,98.57,96.92,98.47,23605470,98.47,1
10/16/15,96.18,97.59,95.35,97.54,25370980,97.54,-1
10/15/15,94.99,96.3,94.9,95.96,27499010,95.96,-1
10/14/15,94.08,95.2,93.61,94.07,19197310,94.07,0
10/13/15,93.66,95.37,93.55,94.12,19406320,94.12,1
10/12/15,93.32,94.6,92.67,94.26,18396970,94.26,-1
10/9/15,92.9,93.74,92.239,93.24,19979290,93.24,1
10/8/15,91.89,93.22,90.47,92.47,27237050,92.47,1
10/7/15,93.11,93.66,91.37,92.4,24094490,92.4,1
10/6/15,94.08,94.17,92.34,92.8,22459730,92.8,1
10/5/15,92.94,94.27,92.66,94.01,27258120,94.01,1
10/2/15,88.9,92.2,88.37,92.07,37672130,92.07,1
10/1/15,90.05,90.95,88.36,90.95,29219020,90.95,-1
9/30/15,88.44,90.02,88.01,89.9,36113040,89.9,-1
9/29/15,89.1,90.06,85.72,86.67,42212360,86.67,1
9/28/15,92.08,92.29,88.18,89.21,41060880,89.21,1
9/25/15,95.79,95.85,92.06,92.77,28910510,92.77,-1
9/24/15,93.06,94.765,92.24,94.41,29037890,94.41,0
9/23/15,93.4,94.32,92.8,93.97,21672220,93.97,0
9/22/15,93.77,94.68,91.92,92.96,36834600,92.96,-1
9/21/15,94.62,96.49,94.52,95.55,28760280,95.55,1
9/18/15,93.2,95.19,93.05,94.4,62232280,94.4,1
9/17/15,93.37,95.51,92.9,94.34,27716330,94.34,1
9/16/15,92.9,93.6,92.63,93.45,16265640,93.45,-1
9/15/15,92.37,93.25,91.79,92.9,18820730,92.9,-1
9/14/15,92.31,92.62,91.6,92.31,20108630,92.31,-1
9/11/15,91.68,92.08,91.13,92.05,21102320,92.05,1
9/10/15,90.07,92.06,89.63,91.98,26392490,91.98,-1
9/9/15,90.78,91.98,90.17,90.44,32482750,90.44,-1
9/8/15,89.69,90.24,88.83,89.53,26935820,89.53,1
9/4/15,87.2,88.39,86.7,88.26,27277250,88.26,-1
9/3/15,89.76,89.82,87.73,88.15,26954140,88.15,-1
9/2/15,88.81,89.89,87.63,89.89,27010970,89.89,-1
9/1/15,86.85,89.39,86.5,87.23,35958020,87.23,1
8/31/15,90.6,91.05,88.89,89.43,32771380,89.43,1
8/28/15,89.88,91.48,89.792,91.01,33174580,91.01,1
8/27/15,89.1,90.06,87.19,89.73,42290120,89.73,-1
8/26/15,85.95,87.46,83.26,87.19,44994100,87.19,-1
8/25/15,86.95,87.67,83,83,51860780,83,-1
8/24/15,77.03,87.14,72,82.09,83487210,82.09,-1
8/21/15,87.52,89.18,85.61,86.06,62473650,86.06,-1
8/20/15,93.54,94.77,90.46,90.56,44415420,90.56,-1
8/19/15,94.63,96.1,94.161,95.31,23176290,95.31,1
8/18/15,94.08,95.85,94.04,95.17,22222720,95.17,-1
8/17/15,94.42,94.46,93.39,93.93,18284030,93.93,1
8/14/15,93.54,94.72,93.21,94.42,15904340,94.42,-1
8/13/15,94.05,94.73,93.35,93.43,17398890,93.43,-1
8/12/15,92.7,94.44,91.19,94.19,27075100,94.19,1
8/11/15,93.73,94.76,92.9006,93.62,22244980,93.62,1
8/10/15,95.68,95.9,93.63,94.15,21461830,94.15,1
8/7/15,95.38,95.4,93.61,94.3,23141300,94.3,1
8/6/15,97.18,98.74,94.42,95.12,42205860,95.12,-1
8/5/15,95.25,97.09,95.18,96.44,29718020,96.44,-1
8/4/15,93.79,94.73,93.33,94.06,20050730,94.06,1
8/3/15,93.53,95.08,92.8,94.14,29262980,94.14,1
7/31/15,94.95,96.33,93.95,94.01,46386320,94.01,-1
7/30/15,94.91,95.81,91.8,95.21,86021630,95.21,-1
7/29/15,96.32,97.28,94.74,96.99,61383310,96.99,-1
7/28/15,94.84,95.56,93.31,95.29,34826750,95.29,-1
7/27/15,96.58,96.61,93.8301,94.17,38428000,94.17,1
7/24/15,97.35,97.76,95.88,96.95,33351170,96.95,-1
7/23/15,96.96,97.45,94.81,95.44,29281230,95.44,1
7/22/15,96.74,97.58,95.92,97.04,28196110,97.04,0
7/21/15,98.95,99.24,97.1427,98.39,39163900,98.39,1
7/20/15,95.85,98.6,95.36,97.91,54786320,97.91,1
7/17/15,92.55,95.39,92.54,94.97,53767930,94.97,1
7/16/15,90.28,90.86,89.77,90.85,21417840,90.85,1
7/15/15,90,90.99,89.42,89.76,30818700,89.76,1
7/14/15,90.46,90.8,89.65,89.68,26568630,89.68,-1
7/13/15,88.66,90.22,88.42,90.1,29682360,90.1,1
7/10/15,87.35,88.22,86.77,87.95,23191120,87.95,-1
7/9/15,86.73,87.6,85.6499,85.88,23237200,85.88,1
7/8/15,86.29,86.75,85.445,85.65,24351990,85.65,-1
7/7/15,87.8,87.85,85.231,87.22,33023960,87.22,1
7/6/15,86.49,88.1846,86.39,87.55,24592870,87.55,1
7/2/15,87.4,87.44,86.3401,87.285,16875000,87.285,1
7/1/15,86.77,87.95,86.49,86.91,25198260,86.91,-1
6/30/15,86.6,86.7,85.57,85.765,23195430,85.765,-1
6/29/15,86.61,87.5,85.73,85.8,35869530,85.8,-1
6/26/15,88.12,88.34,86.8283,88.01,38185770,88.01,1
6/25/15,89.26,89.4,87.835,87.98,27245480,87.98,1
6/24/15,87.66,89.25,87.45,88.86,41337040,88.86,1
6/23/15,84.96,87.97,84.76,87.88,50336830,87.88,1
6/22/15,83.41,84.97,83.31,84.74,29076040,84.74,-1
6/19/15,82.83,82.98,82.12,82.51,23337800,82.51,-1
6/18/15,81.64,83.19,81.57,82.905,26726860,82.905,-1
6/17/15,81.76,82.22,81.34,81.79,18326140,81.79,-1
6/16/15,80.82,81.51,80.45,81.06,13673040,81.06,1
6/15/15,80.55,80.93,80.07,80.71,18782870,80.71,1
6/12/15,81.37,82.09,81.2,81.53,11403090,81.53,-1
6/11/15,82.31,82.9,81.36,81.83,18619240,81.83,-1
6/10/15,80.83,82.6,80.81,82.16,21485920,82.16,-1
6/9/15,80.6,81.19,79.32,80.67,16443310,80.67,-1
6/8/15,81.82,82,80.13,80.67,16882270,80.67,1
6/5/15,81.87,82.46,81.51,82.14,16087280,82.14,-1
6/4/15,82.14,82.95,81.51,82.05,20825910,82.05,-1
6/3/15,81.35,82.53,81.25,82.44,31633300,82.44,1
6/2/15,79.76,81.35,79.56,80.445,18900690,80.445,1
6/1/15,79.3,80.38,78.66,80.29,18106110,80.29,1
5/29/15,79.95,80.07,78.88,79.19,16111570,79.19,1
5/28/15,80.25,81.0745,80,80.145,11974610,80.145,1
5/27/15,79.6,80.66,79.43,80.55,14132160,80.55,1
5/26/15,80.43,80.6,79.08,79.335,16271510,79.335,1
5/22/15,80.35,81.31,80.25,80.54,19547070,80.54,1
5/21/15,80.19,80.92,80.08,80.48,13376150,80.48,1
5/20/15,80.47,81.1,79.46,80.55,23024330,80.55,1
5/19/15,81.25,81.69,80.55,80.63,17943450,80.63,1
5/18/15,80.33,81.38,80.23,80.88,21560230,80.88,-1
5/15/15,81.41,81.52,80.18,80.42,27029540,80.42,1
5/14/15,78.94,81.845,78.67,81.37,49376110,81.37,1
5/13/15,77.72,78.53,77.65,78.44,21485710,78.44,1
5/12/15,77.87,77.89,76.79,77.46,21249920,77.46,1
5/11/15,78.48,79.03,77.93,78.01,18826100,78.01,-1
5/8/15,79.1,79.23,78.03,78.51,19921440,78.51,0
5/7/15,78,78.94,77.56,78.425,19727740,78.425,0
5/6/15,77.97,78.81,77.05,78.1,28610160,78.1,0
5/5/15,78.55,78.8,77.22,77.56,22243130,77.56,1
5/4/15,79.33,79.69,78.6301,78.81,14664320,78.81,-1
5/1/15,79.24,79.76,78.11,78.99,22811310,78.99,0
4/30/15,80.01,80.96,78.32,78.77,28924470,78.77,1
4/29/15,80.01,81.39,79.52,80.465,26400340,80.465,-1
4/28/15,81.83,81.9,80.23,80.68,23724520,80.68,-1
4/27/15,81.87,82.93,81.63,81.91,25401050,81.91,1
4/24/15,82.77,82.94,81.48,81.53,29617390,81.53,1
4/23/15,84.1,85.59,82.41,82.41,73607220,82.41,1
4/22/15,84.32,84.74,83.65,84.63,43286780,84.63,-1
4/21/15,84,84.49,83.54,83.62,26824310,83.62,-1
4/20/15,81.54,83.15,81.24,83.09,28700450,83.09,1
4/17/15,81.48,82.11,80.37,80.775,24156000,80.775,-1
4/16/15,82.47,83.07,82.15,82.31,13678800,82.31,1
4/15/15,83.55,83.66,82.27,82.705,22358670,82.705,-1
4/14/15,83.17,83.69,82.44,83.515,19612620,83.515,-1
4/13/15,81.93,83.94,81.92,83.01,26868830,83.01,1
4/10/15,82.21,82.61,81.91,82.04,12501090,82.04,1
4/9/15,82.5,82.8,81.71,82.17,15902970,82.17,1
4/8/15,82.63,83.1,81.84,82.275,18936170,82.275,1
4/7/15,82.65,83.42,82.22,82.32,17442950,82.32,1
4/6/15,80.8,82.81,80.8,82.44,19008980,82.44,-1
4/2/15,82.25,82.56,81.44,81.555,19631440,81.555,-1
4/1/15,82.5,82.72,80.87,81.665,22028080,81.665,1
3/31/15,82.9,83.5,82.21,82.215,19705200,82.215,-1
3/30/15,83.81,84.34,82.41,83.195,24506180,83.195,-1
3/27/15,83.38,83.95,82.88,83.3,18313110,83.3,1
3/26/15,82.72,83.77,82.14,83.01,32754510,83.01,1
3/25/15,85.5,85.52,82.92,82.92,37348640,82.92,0
3/24/15,84.71,86.0699,84.52,85.31,32507390,85.31,1
3/23/15,83.92,84.96,83.3,84.43,27291310,84.43,-1
3/20/15,83.39,84.6,83.07,83.8,44405260,83.8,1
3/19/15,81.12,83,81,82.75,42047570,82.75,1
3/18/15,79.25,81.24,79.17,80.91,36732660,80.91,-1
3/17/15,78.36,79.78,78.34,79.365,22105760,79.365,1
3/16/15,77.96,78.12,77.36,78.07,19289450,78.07,1
3/13/15,78.6,79.38,77.68,78.05,18481750,78.05,1
3/12/15,78.1,79.05,77.91,78.93,16069270,78.93,-1
3/11/15,77.8,78.43,77.26,77.57,20141490,77.57,-1
3/10/15,78.5,79.26,77.55,77.55,22965310,77.55,1
3/9/15,79.68,79.91,78.63,79.44,18908230,79.44,1
3/6/15,80.9,81.33,79.83,80.005,24457940,80.005,-1
3/5/15,81.23,81.99,81.05,81.21,27792840,81.21,-1
3/4/15,79.3,81.15,78.85,80.895,28057010,80.895,1
3/3/15,79.61,79.7,78.52,79.6,18602170,79.6,1
3/2/15,79,79.855,78.52,79.75,21645890,79.75,1
2/27/15,80.68,81.23,78.62,78.97,30705140,78.97,-1
2/26/15,79.88,81.37,79.72,80.41,30980750,80.41,1
2/25/15,78.5,80.2,78.5,79.56,25546020,79.56,1
2/24/15,78.5,79.48,78.1,78.45,18871220,78.45,1
2/23/15,79.96,80.19,78.38,78.84,24105020,78.84,1
2/20/15,79.55,80.34,79.2,79.895,36904680,79.895,1
2/19/15,76.986,79.84,76.95,79.42,45778750,79.42,1
2/18/15,75.94,76.9,75.45,76.71,22410540,76.71,-1
2/17/15,75.3,76.91,75.08,75.6,25243920,75.6,1
2/13/15,76.46,76.48,75.5,75.74,18487260,75.74,0
2/12/15,76.86,76.87,75.89,76.23,17212100,76.23,-1
2/11/15,75.09,76.75,75.03,76.51,20817690,76.51,1
2/10/15,74.85,75.34,74.5,75.19,15783750,75.19,1
2/9/15,74.05,74.83,73.45,74.44,16182700,74.44,-1
2/6/15,75.68,75.7,74.25,74.47,21131450,74.47,1
2/5/15,75.71,75.98,75.21,75.615,15002820,75.615,-1
2/4/15,75.09,76.35,75.01,75.63,20246640,75.63,-1
2/3/15,75.19,75.58,73.86,75.4,26921640,75.4,1
2/2/15,76.11,76.14,73.75,74.99,41901530,74.99,-1
1/30/15,78,78.16,75.75,75.91,42540890,75.91,1
1/29/15,76.85,78.02,74.21,78,60670160,78,1
1/28/15,76.9,77.638,76,76.24,51281680,76.24,-1
1/27/15,76.71,76.88,75.63,75.78,19982990,75.78,1
1/26/15,77.98,78.47,77.29,77.495,19229120,77.495,1
1/23/15,77.65,78.19,77.04,77.83,16711610,77.83,-1
1/22/15,77.17,77.75,76.68,77.65,19491720,77.65,1
1/21/15,76.16,77.3,75.85,76.74,25079200,76.74,-1
1/20/15,75.72,76.31,74.82,76.24,22765930,76.24,1
1/16/15,74.04,75.32,73.84,75.18,21744680,75.18,-1
1/15/15,76.4,76.57,73.54,74.05,34058150,74.05,-1
1/14/15,76.42,77.2,76.0291,76.28,25831690,76.28,0
1/13/15,77.23,78.08,75.85,76.45,25149270,76.45,1
1/12/15,77.84,78,76.21,76.72,19150390,76.72,1
1/9/15,78.2,78.62,77.2,77.74,21146060,77.74,1
1/8/15,76.74,78.23,76.08,78.175,23931830,78.175,-1
1/7/15,76.76,77.36,75.82,76.15,22015250,76.15,-1
1/6/15,77.23,77.59,75.365,76.15,27365180,76.15,0
1/5/15,77.98,79.2455,76.86,77.19,26392340,77.19,0
1/2/15,78.58,78.93,77.7,78.45,18141830,78.45,-1
12/31/14,79.54,79.8,77.86,78.02,20004710,78.02,-1
12/30/14,79.85,80.59,79.1,79.22,14354170,79.22,-1
12/29/14,80.49,80.96,79.71,80.02,14101570,80.02,1
12/26/14,81.02,81.28,80.51,80.775,10632810,80.775,0
12/24/14,81.03,81.43,80.75,80.77,7685481,80.77,1
12/23/14,82.02,82.17,80.4,80.61,19846990,80.61,1
12/22/14,80.08,81.89,80,81.45,31361040,81.45,1
12/19/14,78.75,80,78.33,79.88,43274930,79.88,1
12/18/14,76.89,78.4,76.51,78.4,34147520,78.4,-1
12/17/14,75.01,76.41,74.9,76.11,29142380,76.11,-1
12/16/14,76.19,77.39,74.59,74.69,31466710,74.69,1
12/15/14,78.46,78.58,76.56,76.99,29341660,76.99,-1
12/12/14,77.16,78.88,77.02,77.83,28049760,77.83,-1
12/11/14,76.52,78.52,76.48,77.73,33465080,77.73,-1
12/10/14,76.65,77.55,76.07,76.18,32168400,76.18,1
12/9/14,75.2,76.93,74.78,76.84,25307530,76.84,1
12/8/14,76.18,77.25,75.4,76.52,25674150,76.52,1
12/5/14,75.8,76.76,75.36,76.36,24273070,76.36,1
12/4/14,74.83,75.55,74.66,75.24,14369110,75.24,1
12/3/14,75.38,75.73,74.4,74.88,15936750,74.88,1
12/2/14,75.33,75.91,75.04,75.46,16750770,75.46,1
12/1/14,77.26,77.31,74.8,75.1,31747970,75.1,-1
11/28/14,77.67,78.27,77.23,77.7,15992040,77.7,1
11/26/14,75.53,77.78,75.51,77.62,32686400,77.62,0
11/25/14,74.21,75.74,74.13,75.63,32199750,75.63,1
11/24/14,73.54,74.35,73.35,74.01,22080500,74.01,1
11/21/14,74.5,74.5,73.5,73.75,23039660,73.75,-1
11/20/14,72.8,73.99,72.51,73.6,19128520,73.6,1
11/19/14,74.01,74.54,73.11,73.33,25401630,73.33,-1
11/18/14,74.45,74.8,73.9,74.34,20678330,74.34,1
11/17/14,74.88,75.655,73.88,74.24,28669580,74.24,1
11/14/14,74.27,74.93,74.04,74.88,19416910,74.88,1
11/13/14,74.74,75.24,73.64,74.25,26408940,74.25,1
11/12/14,74.28,75.14,73.54,74.72,26497580,74.72,-1
11/11/14,74.95,74.98,74.03,74.61,18702040,74.61,1
11/10/14,75.36,75.4799,74.61,75,21526460,75,-1
11/7/14,75.39,75.855,75.02,75.6,20757430,75.6,1
11/6/14,74.89,75.6,74.31,75.26,21321380,75.26,1
11/5/14,76.51,76.8,74.42,74.83,35853620,74.83,0
11/4/14,74.23,75.77,73.65,75.76,39202820,75.76,1
11/3/14,75.47,75.52,73.7,73.88,40529830,73.88,1
10/31/14,74.93,75.7,74.45,74.99,44472280,74.99,1
10/30/14,75.05,75.35,72.9,74.11,83098240,74.11,-1
10/29/14,75.45,76.88,74.78,75.86,105883000,75.86,1
10/28/14,80.18,81.16,79.57,80.77,61137040,80.77,1
10/27/14,80.74,80.8,79.76,80.28,29806870,80.28,-1
10/24/14,80.2,80.8183,79.32,80.67,32123520,80.67,1
10/23/14,79.38,80.63,79.01,80.04,34892410,80.04,-1
10/22/14,78.815,79.85,78.01,78.37,41799140,78.37,1
10/21/14,77.56,78.74,77.15,78.69,32176370,78.69,-1
10/20/14,75.6,77.09,75.38,76.95,34555900,76.95,-1
10/17/14,74.23,76,73.75,75.95,76263220,75.95,1
10/16/14,70.79,73.35,70.58,72.63,53456880,72.63,-1
10/15/14,71.69,73.8,70.32,73.21,61397390,73.21,0
10/14/14,74,74.18,72.05,73.59,50126990,73.59,-1
10/13/14,73.23,74.78,72.52,72.99,43847640,72.99,-1
10/10/14,75.59,76.5,72.76,72.91,52068580,72.91,-1
10/9/14,77.28,77.7601,75.85,75.91,32421030,75.91,-1
10/8/14,76.18,77.71,75.1,77.52,32853310,77.52,1
10/7/14,77.05,77.95,76.24,76.29,25241360,76.29,1
10/6/14,77.19,77.89,76.85,77.555,25689890,77.555,-1
10/3/14,77.76,78.06,77.26,77.44,23280910,77.44,-1
10/2/14,76.57,77.48,75.64,77.08,36468900,77.08,-1
10/1/14,78.78,78.82,75.9,76.55,55006570,76.55,1
9/30/14,79.35,79.7067,78.6,79.04,35816980,79.04,-1
9/29/14,78.12,79.199,77.91,79,33969370,79,1
9/26/14,77.59,78.8416,77.33,78.79,28827060,78.79,-1
9/25/14,78.6,78.94,77.13,77.22,37392870,77.22,0
9/24/14,78.1,78.62,77.51,78.535,30638360,78.535,-1
9/23/14,76.33,78.63,76.04,78.29,36666690,78.29,1
9/22/14,77,77.53,75.95,76.8,31908240,76.8,1
9/19/14,77.4,78.3,76.44,77.91,76614560,77.91,-1
9/18/14,76.77,77.33,76.52,77,22939820,77,-1
9/17/14,75.96,77.25,75.57,76.43,28498200,76.43,0
9/16/14,73.52,76.23,73.07,76.08,37662500,76.08,1
9/15/14,77.15,77.25,73.43,74.58,49552660,74.58,1
9/12/14,78.02,78.3,77.1,77.48,26655670,77.48,1
9/11/14,77.13,78.36,77.05,77.92,32181110,77.92,1
9/10/14,76.52,77.95,76.51,77.43,29836020,77.43,1
9/9/14,77.59,78.17,76.2,76.67,28723090,76.67,-1
9/8/14,77.26,78.17,77.01,77.89,28135810,77.89,-1
9/5/14,76.1,77.38,75.598,77.26,29387630,77.26,1
9/4/14,75.89,76.93,75.53,75.95,26581940,75.95,1
9/3/14,77.14,77.48,75.6,75.83,32311920,75.83,-1
9/2/14,75.01,76.7,74.82,76.68,34744550,76.68,-1
8/29/14,74.3,74.82,74.01,74.82,26215560,74.82,1
8/28/14,74,74.43,73.73,73.855,21898440,73.855,-1
8/27/14,75.27,75.49,74.46,74.63,36213130,74.63,1
8/26/14,75,75.99,74.73,75.9601,23793170,75.9601,-1
8/25/14,74.94,75.28,74.79,75.02,19683350,75.02,1
8/22/14,74.34,74.73,73.57,74.57,20847650,74.57,1
8/21/14,74.92,75.19,74.4149,74.57,20053690,74.57,1
8/20/14,74.97,75.18,74.62,74.81,22863680,74.81,1
8/19/14,74.81,75.58,74.77,75.29,26596500,75.29,1
8/18/14,74,74.72,73.96,74.59,23898550,74.59,1
8/15/14,74.32,74.65,73,73.63,38837920,73.63,1
8/14/14,73.97,74.38,73.69,74.296,22163750,74.296,1
8/13/14,73.12,74.25,73.05,73.77,29181990,73.77,1
8/12/14,73.09,73.3301,72.22,72.83,27347900,72.83,-1
8/11/14,73.46,73.91,73.06,73.44,24533690,73.44,1
8/8/14,73.4,73.43,72.56,73.06,27097750,73.06,-1
8/7/14,73,74,72.7,73.17,38049750,73.17,-1
8/6/14,72.02,73.72,71.79,72.47,30898990,72.47,-1
8/5/14,73.2,73.59,72.18,72.69,34918620,72.69,-1
8/4/14,72.36,73.88,72.36,73.51,30630370,73.51,-1
8/1/14,72.22,73.22,71.55,72.36,43402770,72.36,1
7/31/14,74,74.165,72.44,72.65,43811380,72.65,1
7/30/14,74.21,75.19,74.13,74.677,36804070,74.677,1
7/29/14,74.72,74.92,73.4229,73.71,41050770,73.71,1
7/28/14,75.17,75.5,73.85,74.92,41556090,74.92,-1
7/25/14,74.99,75.67,74.662,75.19,45792800,75.19,-1
7/24/14,75.96,76.74,74.51,74.98,123026900,74.98,1
7/23/14,69.74,71.33,69.61,71.29,74712560,71.29,0
7/22/14,69.76,69.77,68.61,69.27,40227960,69.27,-1
7/21/14,68.81,69.96,68.5,69.4,49386920,69.4,-1
7/18/14,66.8,68.46,66.16,68.4199,42223010,68.4199,-1
7/17/14,67.03,67.85,66.04,66.4099,37941770,66.4099,1
7/16/14,67.54,67.94,67.07,67.66,29525060,67.66,1
7/15/14,67.96,68.0899,66.26,67.165,44145960,67.165,-1
7/14/14,67.13,68.17,66.9,67.9,38404830,67.9,-1
7/11/14,65.28,66.59,64.79,66.34,39147600,66.34,-1
7/10/14,63.31,65.34,63.05,64.8725,44348430,64.8725,-1
7/9/14,63.41,65.12,63.15,64.97,51298480,64.97,1
7/8/14,65.06,65.56,62.21,62.76,68838080,62.76,-1
7/7/14,66.3,66.57,65.12,65.29,28688050,65.29,1
7/3/14,66.855,67,65.76,66.29,25203220,66.29,1
7/2/14,68.04,68.3,65.79,66.45,41778400,66.45,1
7/1/14,67.58,68.44,67.39,68.06,33156390,68.06,-1
6/30/14,67.46,67.92,67.13,67.29,27078350,67.29,1
6/27/14,67.31,67.7,66.84,67.6,46396950,67.6,-1
6/26/14,68,68,66.9,67.13,47618020,67.13,1
6/25/14,65.58,67.48,65.57,67.44,44183630,67.44,1
6/24/14,65.36,67.17,65.27,65.72,57260230,65.72,-1
6/23/14,64.32,65.66,64.22,65.37,34424160,65.37,1
6/20/14,64.46,64.81,63.35,64.5,46394230,64.5,1
6/19/14,65.46,65.5756,64.21,64.3415,34097910,64.3415,1
6/18/14,64.49,65.75,64.05,65.6,35450700,65.6,-1
6/17/14,64.1,64.88,63.93,64.4,27629660,64.4,1
6/16/14,64.16,64.88,63.75,64.19,30849450,64.19,-1
6/13/14,64.7,64.97,63.83,64.5,29367820,64.5,1
6/12/14,65.85,66.47,64.06,64.2901,55604800,64.2901,-1
6/11/14,65.32,65.8,64.9,65.781,44132140,65.781,1
6/10/14,63.53,65.82,63.5,65.77,69105010,65.77,-1
6/9/14,62.4,63.34,61.79,62.88,37474470,62.88,1
6/6/14,63.37,63.48,62.15,62.5,42373250,62.5,1
6/5/14,63.66,64.36,62.82,63.186,47278710,63.186,1
6/4/14,62.45,63.59,62.07,63.34,36460620,63.34,1
6/3/14,62.62,63.42,62.32,62.87,32097900,62.87,-1
6/2/14,63.23,63.59,62.05,63.08,35946770,63.08,1
5/30/14,63.95,64.17,62.56,63.3,45224820,63.3,1
5/29/14,63.84,64.3,63.51,63.83,42333090,63.83,1
5/28/14,63.39,64.14,62.62,63.51,47746450,63.51,1
5/27/14,61.62,63.51,61.57,63.48,55546990,63.48,1
5/23/14,60.41,61.45,60.15,61.351,38210700,61.351,-1
5/22/14,60.94,61.48,60.4,60.52,54067890,60.52,1
5/21/14,58.56,60.5,58.25,60.49,58814920,60.49,-1
5/20/14,59.5,60.19,58.18,58.56,53804590,58.56,-1
5/19/14,57.89,59.56,57.57,59.21,42968380,59.21,-1
5/16/14,58.31,58.45,57.31,58.0199,47850350,58.0199,-1
5/15/14,59.26,59.38,57.52,57.919,56691940,57.919,1
5/14/14,59.53,60.45,58.95,59.23,47379700,59.23,-1
5/13/14,59.66,60.89,59.51,59.83,48442200,59.83,1
5/12/14,57.98,59.9,57.98,59.83,48403930,59.83,1
5/9/14,56.85,57.65,56.38,57.24,52497050,57.24,-1
5/8/14,57.23,58.82,56.5,56.76,61143360,56.76,0
5/7/14,58.77,59.3,56.26,57.39,78450290,57.39,0
5/6/14,60.98,61.15,58.49,58.53,55798800,58.53,-1
5/5/14,59.67,61.35,59.18,61.22,45938990,61.22,1
5/2/14,61.3,61.89,60.18,60.46,54086030,60.46,1
5/1/14,60.43,62.28,60.21,61.15,82319330,61.15,0
4/30/14,57.58,59.85,57.16,59.78,75599310,59.78,-1
4/29/14,56.09,58.28,55.84,58.15,75339000,58.15,1
4/28/14,58.05,58.31,54.66,56.14,107534200,56.14,-1
4/25/14,59.97,60.01,57.57,57.71,92257140,57.71,1
4/24/14,63.6,63.65,59.77,60.87,138477000,60.87,-1
4/23/14,63.45,63.48,61.26,61.36,94013700,61.36,1
4/22/14,62.65,63.44,62.22,63.0301,60328420,63.0301,-1
4/21/14,59.46,61.24,59.15,61.24,60064820,61.24,1
4/17/14,59.3,60.58,58.72,58.94,87956250,58.94,1
4/16/14,59.79,60.19,57.74,59.72,78548910,59.72,-1
4/15/14,59.29,59.68,55.88,59.09,108466300,59.09,-1
4/14/14,60.09,60.45,57.78,58.89,72152260,58.89,1
4/11/14,57.6,60.31,57.31,58.53,91373170,58.53,-1
4/10/14,63.08,63.18,58.68,59.16,114767600,59.16,-1
4/9/14,59.63,62.4558,59.1882,62.41,99918180,62.41,-1
4/8/14,57.68,58.71,57.17,58.1901,78732130,58.1901,-1
4/7/14,55.9,58,55.44,56.95,108324400,56.95,1
4/4/14,59.94,60.2,56.32,56.749,125198200,56.749,1
4/3/14,62.55,63.17,59.13,59.49,83585460,59.49,-1
4/2/14,63.21,63.91,62.21,62.72,66149490,62.72,1
4/1/14,60.46,62.66,60.24,62.62,59098260,62.62,1
3/31/14,60.78,61.52,59.87,60.24,52921180,60.24,1
3/28/14,61.34,61.95,59.335,60.01,66888000,60.01,1
3/27/14,60.51,61.9,57.98,60.97,112453500,60.97,-1
3/26/14,64.74,64.95,60.37,60.385,97436810,60.385,1
3/25/14,64.89,66.19,63.78,64.89,68168890,64.89,0
3/24/14,67.19,67.36,63.36,64.1,85551700,64.1,-1
3/21/14,67.53,67.92,66.1786,67.24,59993420,67.24,1
3/20/14,68.01,68.23,66.82,66.97,44344660,66.97,1
3/19/14,69.17,69.29,67.465,68.24,43909250,68.24,-1
3/18/14,68.76,69.6,68.3,69.19,40731150,69.19,-1
3/17/14,68.18,68.95,66.62,68.7399,52098860,68.7399,-1
3/14/14,68.49,69.43,67.46,67.72,48095760,67.72,-1
3/13/14,71.29,71.35,68.15,68.83,56954770,68.83,1
3/12/14,69.86,71.35,69,70.8799,46332080,70.8799,-1
3/11/14,72.5,72.59,69.96,70.1,59364950,70.1,1
3/10/14,70.77,72.15,70.51,72.03,59853820,72.03,1
3/7/14,71.08,71.18,69.47,69.8,38918700,69.8,1
3/6/14,71.88,71.89,70.25,70.84,46023480,70.84,1
3/5/14,69.69,71.97,69.62,71.57,74560670,71.57,-1
3/4/14,68.66,68.9,67.62,68.8,41996420,68.8,-1
3/3/14,66.96,68.05,66.51,67.41,56813110,67.41,-1
2/28/14,69.47,69.88,67.38,68.46,66738010,68.46,-1
2/27/14,69.34,70.01,68.87,68.94,41638450,68.94,1
2/26/14,70.19,71.22,68.85,69.26,55302090,69.26,-1
2/25/14,70.95,71,69.45,69.85,52062710,69.85,1
2/24/14,68.74,71.44,68.54,70.78,76735760,70.78,-1
2/21/14,69.69,69.96,68.45,68.59,70923530,68.59,-1
2/20/14,67.73,70.11,65.727,69.63,130880100,69.63,1
2/19/14,67.05,69.08,67,68.06,60295610,68.06,-1
2/18/14,66.94,67.5397,66.07,67.3,43798520,67.3,-1
2/14/14,67.5,67.58,66.72,67.09,36731220,67.09,1
2/13/14,64.18,67.33,64.05,67.33,61883050,67.33,0
2/12/14,64.92,65.06,64.05,64.45,47260370,64.45,1
2/11/14,63.75,65,63.35,64.851,45657700,64.851,1
2/10/14,64.3,64.49,63.473,63.548,43642880,63.548,-1
2/7/14,62.27,64.57,62.22,64.32,60762540,64.32,1
2/6/14,61.46,62.78,61.46,62.16,42079800,62.16,-1
2/5/14,62.74,63.16,61.27,62.19,51553330,62.19,-1
2/4/14,62.05,63.14,61.82,62.75,45977670,62.75,-1
2/3/14,63.03,63.77,60.7,61.48,74852940,61.48,-1
1/31/14,60.47,63.37,60.17,62.57,87774330,62.57,1
1/30/14,62.12,62.5,60.46,61.08,150128200,61.08,-1
1/29/14,54.61,54.95,53.19,53.53,89786860,53.53,-1
1/28/14,54.02,55.28,54,55.14,48182940,55.14,-1
1/27/14,54.73,54.9401,51.85,53.55,73888900,53.55,-1
1/24/14,56.15,56.42,54.4,54.45,55410210,54.45,1
1/23/14,56.37,56.68,55.6855,56.63,47945860,56.63,1
1/22/14,58.85,59.31,57.1,57.51,61349130,57.51,-1
1/21/14,56.6,58.58,56.5,58.51,48658930,58.51,-1
1/17/14,57.3,57.82,56.07,56.3,40845940,56.3,1
1/16/14,57.26,58.02,56.83,57.19,34537020,57.19,-1
1/15/14,57.98,58.57,57.27,57.6,33655610,57.6,0
1/14/14,56.46,57.78,56.1,57.74,37487240,57.74,1
1/13/14,57.91,58.25,55.38,55.91,62888480,55.91,-1
1/10/14,57.13,58.3,57.06,57.94,42443990,57.94,1
1/9/14,58.65,58.96,56.65,57.22,92236170,57.22,-1
1/8/14,57.6,58.41,57.23,58.23,56669280,58.23,-1
1/7/14,57.7,58.55,57.22,57.92,77201940,57.92,1
1/6/14,54.42,57.26,54.05,57.2,68773580,57.2,0
1/3/14,55.02,55.65,54.53,54.557,38244700,54.557,0
1/2/14,54.83,55.22,54.19,54.71,43188990,54.71,1
12/31/13,54.12,54.86,53.91,54.649,43069960,54.649,1
12/30/13,54.93,55.18,53.43,53.71,68195850,53.71,1
12/27/13,57.48,57.68,55.25,55.44,60251230,55.44,1
12/26/13,58.32,58.38,57.37,57.73,55024630,57.73,0
12/24/13,58.27,58.58,56.91,57.96,46617750,57.96,1
12/23/13,55.5,58.32,55.45,57.77,98124560,57.77,1
12/20/13,54.93,55.15,54.23,55.12,224195500,55.12,1
12/19/13,54.33,55.19,53.95,55.05,89722000,55.05,1
12/18/13,54.86,55.89,53.75,55.57,75831750,55.57,-1
12/17/13,54.76,55.18,54.24,54.86,78480680,54.86,1
12/16/13,53.25,54.5,52.91,53.81,84971770,53.81,-1
12/13/13,51.66,53.5,51.34,53.32,82517560,53.32,-1
12/12/13,51.045,52.07,50.66,51.83,92467060,51.83,-1
12/11/13,50.55,50.77,49.01,49.38,62295230,49.38,1
12/10/13,48.64,50.77,48.54,50.245,68301310,50.245,1
12/9/13,48.09,48.97,47.74,48.84,35930850,48.84,-1
12/6/13,48.98,49.39,47.71,47.94,42877640,47.94,-1
12/5/13,48.15,48.7,47.87,48.34,43773340,48.34,1
12/4/13,46.46,48.77,46.26,48.62,60306210,48.62,-1
12/3/13,46.75,47.2,46.29,46.73,31998810,46.73,1
12/2/13,46.9,47.54,46.26,47.06,50674560,47.06,-1
11/29/13,46.75,47.21,46.5,47.01,22953920,47.01,-1
11/27/13,45.97,46.67,45.53,46.49,44887500,46.49,1
11/26/13,44.66,46.17,43.55,45.89,81892990,45.89,1
11/25/13,46.36,46.65,44.04,44.82,82469790,44.82,1
11/22/13,47.04,47.27,45.96,46.23,40465250,46.23,-1
11/21/13,46.99,47.46,46.685,46.7,34821540,46.7,-1
11/20/13,46.61,47.55,46.31,46.43,53833880,46.43,-1
11/19/13,46.26,47,45.72,46.36,75452630,46.36,1
11/18/13,48.47,48.84,45.8,45.83,85676080,45.83,1
11/15/13,49.11,49.48,48.71,49.01,42394340,49.01,-1
11/14/13,48.7,49.57,48.03,48.99,75042140,48.99,1
11/13/13,46.23,48.74,46.06,48.71,79082730,48.71,1
11/12/13,46,47.37,45.83,46.605,68071910,46.605,-1
11/11/13,47.04,47.53,45.73,46.2,80718180,46.2,-1
11/8/13,47.81,48.65,47.25,47.53,70540080,47.53,1
11/7/13,49.24,49.87,47.3,47.56,96906910,47.56,1
11/6/13,50.26,50.45,48.71,49.12,67745300,49.12,0
11/5/13,47.79,50.18,47.51,50.105,76659340,50.105,-1
11/4/13,49.365,49.75,48.02,48.22,80194620,48.22,-1
11/1/13,50.85,52.09,49.72,49.75,94776920,49.75,1
10/31/13,47.155,52,46.5,50.205,248338900,50.205,-1
10/30/13,50,50.21,48.75,49.01,111666400,49.01,1
10/29/13,50.73,50.79,49.25,49.395,101787400,49.395,-1
10/28/13,51.54,51.7,49.61,50.229,73116480,50.229,1
10/25/13,53.18,53.24,51.88,51.95,44931490,51.95,-1
10/24/13,52.38,52.84,51.5928,52.445,46436620,52.445,1
10/23/13,51.75,52.25,51.13,51.9,57037800,51.9,1
10/22/13,54.33,54.76,52.2,52.675,83047340,52.675,-1
10/21/13,54.68,54.81,53.51,53.85,57935890,53.85,1
10/18/13,54.18,54.825,53.6,54.22,88118540,54.22,1
10/17/13,51.12,52.22,50.95,52.21,70836230,52.21,1
10/16/13,50.04,51.24,49.9,51.135,64406590,51.135,0
10/15/13,49.99,51,49.18,49.5,80838680,49.5,1
10/14/13,48.31,49.63,47.91,49.51,68639410,49.51,1
10/11/13,49.18,49.87,48.79,49.11,58342770,49.11,1
10/10/13,47.865,49.68,47.83,49.05,99370750,49.05,1
10/9/13,47.375,47.84,45.26,46.77,147056800,46.77,-1
10/8/13,50.6,50.6,47.08,47.14,135628200,47.14,-1
10/7/13,50.73,51.29,50.4,50.515,57061640,50.515,-1
10/4/13,49.77,51.16,49.57,51.04,74312720,51.04,-1
10/3/13,50.47,50.72,49.06,49.183,81651010,49.183,1
10/2/13,50.13,51.1,49.95,50.28,62686500,50.28,-1
10/1/13,49.97,51.03,49.45,50.42,97946230,50.42,-1
9/30/13,50.14,51.6,49.8,50.23,99504810,50.23,1
9/27/13,50.29,51.28,49.86,51.24,81192310,51.24,-1
9/26/13,50.01,50.6,49.5,50.39,97976810,50.39,-1
9/25/13,49.23,49.54,48.46,49.46,87566700,49.46,0
9/24/13,48.505,49.66,48.16,48.45,136274400,48.45,-1
9/23/13,47.28,47.55,46.29,47.19,75170550,47.19,1
9/20/13,46.32,47.6,45.74,47.49,115259600,47.49,1
9/19/13,45.51,46.05,45.23,45.98,63854770,45.98,-1
9/18/13,44.84,45.47,44.395,45.23,79172720,45.23,0
9/17/13,42.5,45.44,42.43,45.07,91748330,45.07,1
9/16/13,44.85,44.94,42.43,42.51,70580670,42.51,-1
9/13/13,45.04,45.08,43.93,44.31,52706530,44.31,1
9/12/13,45.53,45.62,44.65,44.75,67943630,44.75,1
9/11/13,43.39,45.09,43.11,45.04,71840960,45.04,1
9/10/13,44.24,44.26,43.23,43.6,54453960,43.6,-1
9/9/13,44.36,44.79,43.7,44.04,75634970,44.04,1
9/6/13,43.09,44.61,42.4,43.95,117375700,43.95,1
9/5/13,41.79,42.765,41.77,42.66,49931010,42.66,1
9/4/13,42.01,42.17,41.44,41.78,42472010,41.78,-1
9/3/13,41.84,42.165,41.51,41.87,48666190,41.87,1
8/30/13,42.025,42.26,41.06,41.294,67565220,41.294,-1
8/29/13,40.89,41.78,40.8,41.28,58153720,41.28,-1
8/28/13,39.96,40.85,39.88,40.548,57617060,40.548,-1
8/27/13,40.68,41.2,39.42,39.64,72556560,39.64,1
8/26/13,40.9,41.94,40.62,41.34,93901000,41.34,-1
8/23/13,39,40.63,38.93,40.55,86246160,40.55,1
8/22/13,38.37,38.75,38.34,38.55,21859280,38.55,-1
8/21/13,38.38,38.85,38.145,38.32,45998690,38.32,1
8/20/13,38.35,38.58,37.69,38.41,57879220,38.41,-1
8/19/13,37.43,38.28,37.14,37.81,57411950,37.81,-1
8/16/13,36.97,37.49,36.9,37.08,45749580,37.08,1
8/15/13,36.36,37.07,36.0201,36.56,56429530,36.56,1
8/14/13,36.83,37.55,36.62,36.65,48299100,36.65,-1
8/13/13,38.24,38.32,36.77,37.019,65248000,37.019,1
8/12/13,38.2,38.5,38.1,38.22,31096900,38.22,-1
8/9/13,38.59,38.74,38.01,38.5,43510970,38.5,-1
8/8/13,39.13,39.19,38.43,38.54,41182770,38.54,1
8/7/13,38.61,38.94,37.7,38.87,68711580,38.87,-1
8/6/13,39.11,39.25,37.94,38.55,63834190,38.55,1
8/5/13,38.43,39.32,38.25,39.189,79798290,39.189,1
8/2/13,37.66,38.49,37.5,38.05,72731240,38.05,-1
8/1/13,37.3,38.29,36.92,37.489,105865000,37.489,1
7/31/13,37.96,38.31,36.33,36.8,154704200,36.8,-1
7/30/13,35.65,37.96,35.32,37.627,172937500,37.627,-1
7/29/13,34.07,35.63,34.01,35.43,124716100,35.43,-1
7/26/13,33.77,34.73,33.56,34.01,135881500,34.01,-1
7/25/13,33.545,34.88,32.75,34.359,365091700,34.359,1
7/24/13,26.32,26.53,26.05,26.51,75364480,26.51,1
7/23/13,26.1,26.3,25.97,26.13,28138680,26.13,-1
7/22/13,25.99,26.13,25.72,26.045,27490350,26.045,1
7/19/13,25.82,26.1077,25.6,25.881,46515740,25.881,1
7/18/13,26.75,26.77,26.12,26.18,24697620,26.18,1
7/17/13,26.37,26.78,26.3,26.65,21491940,26.65,0
7/16/13,26.39,26.75,26.01,26.32,30779130,26.32,1
7/15/13,25.93,26.43,25.65,26.28,24200400,26.28,1
7/12/13,25.74,25.93,25.55,25.91,16498340,25.91,-1
7/11/13,25.96,26,25.45,25.81,26756400,25.81,1
7/10/13,25.58,25.83,25.47,25.8,26744350,25.8,-1
7/9/13,25.07,25.49,25.03,25.48,30334450,25.48,1
7/8/13,24.47,25.04,24.42,24.71,27043580,24.71,-1
7/5/13,24.65,24.66,24.2,24.37,20202440,24.37,1
7/3/13,24.22,24.71,24.15,24.52,10404330,24.52,1
7/2/13,24.7,24.77,24.3,24.41,18346010,24.41,1
7/1/13,24.9694,25.0601,24.62,24.81,20539520,24.81,1
6/28/13,24.68,24.98,24.42,24.88,96737620,24.88,-1
6/27/13,24.24,24.84,24.21,24.66,34641060,24.66,-1
6/26/13,24.51,24.65,23.99,24.16,29860530,24.16,-1
6/25/13,24.14,24.43,24.04,24.25,24710300,24.25,1
6/24/13,23.95,24.11,23.38,23.935,40586430,23.935,-1
6/21/13,24.59,24.7,24.05,24.53,45800870,24.53,1
6/20/13,24.28,24.745,23.65,23.9,42716660,23.9,-1
6/19/13,24.2,25.19,24.1,24.309,31732970,24.309,1
6/18/13,24.09,24.69,24.08,24.21,36667860,24.21,1
6/17/13,23.91,24.25,23.75,24.022,33601370,24.022,-1
6/14/13,23.56,23.89,23.26,23.63,30603420,23.63,-1
6/13/13,23.72,23.83,23.265,23.73,31095780,23.73,-1
6/12/13,24.16,24.26,23.58,23.77,26404420,23.77,1
6/11/13,24.03,24.35,24,24.03,29837670,24.03,-1
6/10/13,24.06,24.6,23.99,24.33,58311370,24.33,-1
6/7/13,23.03,23.4,22.86,23.291,38679530,23.291,-1
6/6/13,22.99,23.09,22.67,22.97,31224400,22.97,1
6/5/13,23.35,23.705,22.79,22.899,53759680,22.899,-1
6/4/13,23.89,23.93,23.32,23.52,34748310,23.52,1
6/3/13,24.265,24.32,23.71,23.848,35693200,23.848,-1
5/31/13,24.63,24.95,24.27,24.348,35879190,24.348,1
5/30/13,24.13,24.779,23.93,24.55,60555780,24.55,-1
5/29/13,23.79,23.81,23.26,23.32,64115760,23.32,1
5/28/13,24.54,24.54,23.92,24.1,50042490,24.1,-1
5/24/13,24.97,24.97,24.08,24.3125,58653470,24.3125,1
5/23/13,24.8,25.53,24.77,25.06,37654530,25.06,1
5/22/13,25.65,25.85,24.92,25.159,45198860,25.159,1
5/21/13,25.87,26.075,25.59,25.66,26163000,25.66,1
5/20/13,26.18,26.19,25.69,25.759,42345840,25.759,-1
5/17/13,26.4,26.6,26.2,26.25,29426640,26.25,1
5/16/13,26.48,26.55,25.9,26.13,35473010,26.13,-1
5/15/13,26.92,26.99,26.4,26.6,30257960,26.6,1
5/14/13,26.885,27.28,26.82,27.07,24899510,27.07,1
5/13/13,26.6,27.325,26.531,26.82,29003230,26.82,-1
5/10/13,27.14,27.3,26.57,26.68,30796410,26.68,1
5/9/13,27.08,27.55,26.85,27.04,33367040,27.04,1
5/8/13,26.88,27.3,26.65,27.12,34592220,27.12,0
5/7/13,27.55,27.85,26.85,26.889,41181810,26.889,0
5/6/13,28.33,28.46,27.48,27.57,43816260,27.57,-1
5/3/13,29.04,29.07,28.15,28.311,58210590,28.311,-1
5/2/13,28.01,29.02,27.98,28.97,104142100,28.97,-1
5/1/13,27.85,27.915,27.31,27.43,63228690,27.43,0
4/30/13,27.13,27.85,27.005,27.769,36158480,27.769,-1
4/29/13,27.16,27.41,26.86,26.98,28880330,26.98,1
4/26/13,26.6,27.62,26.6,26.85,32952000,26.85,1
4/25/13,26.07,26.4,26,26.14,17085990,26.14,-1
4/24/13,25.93,26.4,25.8,26.11,19701820,26.11,1
4/23/13,26.215,26.33,25.77,25.98,25136620,25.98,1
4/22/13,25.81,26.36,25.7,25.97,25626190,25.97,-1
4/19/13,25.62,25.96,25.33,25.73,20349350,25.73,1
4/18/13,26.82,26.82,25.15,25.69,39017530,25.69,-1
4/17/13,26.65,27.2,26.39,26.625,26409810,26.625,-1
4/16/13,26.81,27.11,26.4,26.92,27354550,26.92,-1
4/15/13,27.16,27.48,26.36,26.52,30157610,26.52,1
4/12/13,28,28,27.24,27.4,28645390,27.4,1
4/11/13,27.48,28.1,27.25,28.0175,33317050,28.0175,-1
4/10/13,27.01,27.84,26.9,27.57,45868010,27.57,1
4/9/13,26.58,26.89,26.42,26.59,21271210,26.59,1
4/8/13,27.19,27.2,26.63,26.849,27213210,26.849,1
4/5/13,26.86,27.8,26.61,27.39,64468590,27.39,1
4/4/13,26.62,27.2301,26.11,27.0725,81884030,27.0725,-1
4/3/13,25.83,26.39,25.7,26.25,48093190,26.25,-1
4/2/13,25.77,26.12,25.3,25.42,35121310,25.42,-1
4/1/13,25.63,25.89,25.28,25.53,22205800,25.53,1
3/28/13,26.09,26.17,25.52,25.58,28564300,25.58,-1
3/27/13,25,26.28,24.72,26.09,52246250,26.09,1
3/26/13,25.08,25.48,25.03,25.205,26931720,25.205,-1
3/25/13,25.75,25.8,25.078,25.131,39115300,25.131,1
3/22/13,25.796,26.01,25.63,25.73,18420580,25.73,0
3/21/13,25.66,26.11,25.56,25.74,24297020,25.74,1
3/20/13,26.68,26.69,25.78,25.86,43922190,25.86,-1
3/19/13,26.53,26.9,26.21,26.55,25222620,26.55,1
3/18/13,26.37,26.79,25.78,26.49,26610250,26.49,1
3/15/13,27.03,27.06,26.56,26.645,31554310,26.645,-1
3/14/13,27.1,27.43,26.83,27.04,27604220,27.04,-1
3/13/13,27.62,27.65,26.92,27.08,39527710,27.08,1
3/12/13,28.1,28.32,27.6,27.83,27498230,27.83,1
3/11/13,28.01,28.64,27.83,28.14,35585960,28.14,1
3/8/13,28.425,28.47,27.73,27.96,44161320,27.96,1
3/7/13,27.57,28.675,27.47,28.578,74408360,28.578,1
3/6/13,28.1,28.13,27.35,27.4525,33464760,27.4525,1
3/5/13,27.88,28.18,27.21,27.52,40184170,27.52,1
3/4/13,27.76,28.06,27.44,27.72,32363520,27.72,1
3/1/13,27.05,28.1164,26.81,27.78,54032140,27.78,-1
2/28/13,26.84,27.3,26.34,27.25,82952930,27.25,-1
2/27/13,27.34,27.34,26.63,26.87,44203880,26.87,1
2/26/13,27.36,27.46,26.7,27.39,31579420,27.39,1
2/25/13,27.16,27.64,27.15,27.27,34480840,27.27,-1
2/22/13,27.62,27.63,26.82,27.13,36287100,27.13,1
2/21/13,28.28,28.55,27.15,27.283,49583120,27.283,1
2/20/13,28.92,29.05,28.33,28.462,42037050,28.462,-1
2/19/13,28.23,29.08,28.12,28.93,49216780,28.93,1
2/15/13,28.52,28.75,28.09,28.32,32986500,28.32,-1
2/14/13,28.02,28.63,28.01,28.5,35565550,28.5,1
2/13/13,27.36,28.32,27.31,27.9075,50053630,27.9075,0
2/12/13,27.67,28.16,27.1,27.37,93390430,27.37,-1
2/11/13,28.61,28.68,28.04,28.26,36619600,28.26,-1
2/8/13,28.89,29.17,28.51,28.545,37636360,28.545,1
2/7/13,29.11,29.15,28.27,28.65,34410230,28.65,-1
2/6/13,28.74,29.29,28.66,29.05,38301680,29.05,1
2/5/13,28.26,28.96,28.04,28.64,47790880,28.64,1
2/4/13,29.06,29.2,28.01,28.109,92128780,28.109,1
2/1/13,31.01,31.02,29.63,29.73,85730540,29.73,1
1/31/13,29.15,31.47,28.74,30.981,190522200,30.981,1
1/30/13,30.98,31.49,30.88,31.24,84116810,31.24,-1
1/29/13,32,32.07,30.71,30.79,72704310,30.79,1
1/28/13,31.88,32.5063,31.81,32.469,59514360,32.469,1
1/25/13,31.41,31.93,31.13,31.54,54234890,31.54,-1
1/24/13,31.27,31.49,30.81,31.08,43747870,31.08,-1
1/23/13,31.1,31.5,30.8,30.82,48497840,30.82,1
1/22/13,29.75,30.89,29.74,30.729,54812940,30.729,1
1/18/13,30.31,30.44,29.27,29.66,49552880,29.66,-1
1/17/13,30.08,30.42,30.03,30.14,40204750,30.14,1
1/16/13,30.21,30.35,29.53,29.85,75183340,29.85,0
1/15/13,30.64,31.71,29.88,30.1,172961200,30.1,1
1/14/13,32.08,32.21,30.62,30.9475,98585650,30.9475,1
1/11/13,31.28,31.96,31.1,31.72,89422580,31.72,1
1/10/13,30.6,31.45,30.28,31.3,95209790,31.3,-1
1/9/13,29.67,30.6,29.49,30.59,104443300,30.59,-1
1/8/13,29.51,29.6,28.86,29.0607,45791490,29.0607,1
1/7/13,28.69,29.79,28.65,29.4213,83712950,29.4213,1
1/4/13,28.01,28.93,27.83,28.76,72609630,28.76,0
1/3/13,27.88,28.47,27.59,27.77,63069690,27.77,0
1/2/13,27.44,28.18,27.42,28,69735160,28,1
12/31/12,26.2,26.99,26.11,26.6197,60287020,26.6197,1
12/28/12,25.48,26.11,25.15,25.9112,56502650,25.9112,1
12/27/12,26.55,26.8,25.52,26.05,43425730,26.05,0
12/26/12,27.03,27.18,26.375,26.51,33122100,26.51,-1
12/24/12,26.5,26.96,26.2,26.93,28230040,26.93,-1
12/21/12,26.66,27.01,26.12,26.26,54365580,26.26,1
12/20/12,27.49,27.6,27.13,27.36,35540640,27.36,1
12/19/12,27.83,28.22,26.95,27.41,61342850,27.41,1
12/18/12,26.96,27.91,26.9,27.71,60474760,27.71,-1
12/17/12,26.77,27,26.32,26.75,57679070,26.75,1
12/14/12,28.18,28.33,26.76,26.812,91517810,26.812,1
12/13/12,27.59,28.75,27.43,28.24,80968650,28.24,-1
12/12/12,28,28.14,27.37,27.5801,46664930,27.5801,1
12/11/12,28.07,28.24,27.66,27.98,77035520,27.98,-1
12/10/12,27.17,28.17,27.1,27.84,50463630,27.84,1
12/7/12,27.07,27.78,26.84,27.485,51648160,27.485,1
12/6/12,27.68,27.75,26.82,26.97,45933360,26.97,-1
12/5/12,27.75,27.9,27.26,27.71,58899760,27.71,1
12/4/12,27.06,27.76,26.68,27.46,72810360,27.46,1
12/3/12,28,28.88,26.98,27.04,123384900,27.04,1
11/30/12,27.26,28,26.76,28,126867400,28,-1
11/29/12,26.5,27.52,26.16,27.32,88572990,27.32,1
11/28/12,25.94,26.49,25.75,26.36,49113040,26.36,1
11/27/12,26.04,26.5,25.46,26.15,85687430,26.15,0
11/26/12,24.935,26.09,24.81,25.94,123513900,25.94,1
11/23/12,24.58,24.68,23.88,23.998,29520310,23.998,-1
11/21/12,23.22,24.53,23.05,24.32,89720920,24.32,1
11/20/12,22.73,23.9,22.7,23.1,46515660,23.1,1
11/19/12,23.955,24.12,22.82,22.92,84944370,22.92,1
11/16/12,22.25,23.93,22.18,23.5607,107091400,23.5607,1
11/15/12,22.34,22.5,21.65,22.17,78808770,22.17,-1
11/14/12,20.1,22.5,19.93,22.36,229081600,22.36,-1
11/13/12,19.605,20.11,19.56,19.86,71524510,19.86,-1
11/12/12,19.15,20.17,18.87,20.07,67220540,20.07,-1
11/9/12,19.955,20,19.13,19.21,42257790,19.21,-1
11/8/12,20.52,20.73,19.98,19.99,34106840,19.99,-1
11/7/12,20.85,20.95,20.37,20.47,33352920,20.47,-1
11/6/12,21.24,21.37,20.99,21.1712,29030780,21.1712,1
11/5/12,21.1,21.48,20.92,21.25,31752420,21.25,1
11/2/12,21.26,21.69,21.07,21.18,38308550,21.18,-1
11/1/12,21.08,21.44,21.01,21.21,37631000,21.21,-1
10/31/12,20.82,21.5,20.73,21.11,99311480,21.11,1
10/26/12,22.4,22.88,21.88,21.9425,9999999,21.9425,-1
10/25/12,23.29,23.31,22.47,22.56,76050080,22.56,1
10/24/12,24.13,24.25,22.85,23.2299,228364700,23.2299,1
10/23/12,19.25,19.8,19.1,19.5,72281000,19.5,1
10/22/12,19.2,19.43,19.05,19.321,32269470,19.321,1
10/19/12,19,19.06,18.8,19,34769600,19,1
10/18/12,19.7,19.79,18.89,18.975,52059860,18.975,1
10/17/12,19.5,20.48,19.3718,19.88,44020450,19.88,1
10/16/12,19.68,19.69,19.3,19.48,21816100,19.48,-1
10/15/12,19.68,19.88,19.49,19.52,20154860,19.52,-1
10/12/12,19.75,19.8,19.48,19.5181,18743920,19.5181,-1
10/11/12,19.88,19.96,19.61,19.75,21803710,19.75,-1
10/10/12,19.93,19.94,19.45,19.64,39282420,19.64,0
10/9/12,20.39,20.55,19.97,20.227,27125670,20.227,1
10/8/12,20.4,20.75,20.155,20.4,32190200,20.4,1
10/5/12,21.49,21.63,20.88,20.91,40483780,20.91,-1
10/4/12,22.32,22.4,21.41,21.9475,46549400,21.9475,-1
10/3/12,22.295,22.49,21.8,21.83,31940720,21.83,-1
10/2/12,22.08,22.49,21.82,22.27,29276680,22.27,-1
10/1/12,22.08,22.59,21.73,21.99,51198150,21.99,1
9/28/12,20.57,21.95,20.5,21.66,65415370,21.66,-1
9/27/12,20.99,21,20.16,20.32,30061050,20.32,1
9/26/12,20.145,20.78,19.8,20.62,38212360,20.62,-1
9/25/12,21.2,21.21,20.22,20.28,46169460,20.28,1
9/24/12,21.78,21.98,20.3625,20.79,78968380,20.79,-1
9/21/12,22.97,23.24,22.6,22.86,51163120,22.86,1
9/20/12,23.02,23.24,22.54,22.59,57115160,22.59,-1
9/19/12,21.99,23.37,21.77,23.29,78525460,23.29,0
9/18/12,21.6,21.98,21.37,21.87,36696330,21.87,1
9/17/12,22.67,22.75,21.5,21.52,50593510,21.52,1
9/14/12,21.13,22.08,20.9,22,72707430,22,1
9/13/12,20.955,21.48,20.61,20.713,64896660,20.713,-1
9/12/12,20.76,21.16,20.28,20.931,121399400,20.931,-1
9/11/12,18.92,19.581,18.85,19.43,47343020,19.43,1
9/10/12,19.06,19.2,18.55,18.81,24752340,18.81,1
9/7/12,19.1,19.42,18.78,18.98,36325880,18.98,-1
9/6/12,18.74,19.2617,18.72,18.96,46028860,18.96,-1
9/5/12,18.27,18.75,18.18,18.58,60657900,18.58,-1
9/4/12,18.08,18.27,17.55,17.729,46177000,17.729,-1
8/31/12,18.68,18.7,18.03,18.058,58612440,18.058,1
8/30/12,19.27,19.45,19.06,19.0885,30571430,19.0885,-1
8/29/12,19.32,19.38,19.07,19.1,16071190,19.1,1
8/28/12,19.1,19.38,18.95,19.34,25402980,19.34,-1
8/27/12,19.49,19.53,19.1,19.15,20663220,19.15,1
8/24/12,19.52,19.68,19.25,19.409,29588690,19.409,-1
8/23/12,19.5,19.73,19.36,19.44,32747000,19.44,-1
8/22/12,19.36,19.53,18.96,19.439,49779450,19.439,1
8/21/12,19.58,19.98,19.09,19.159,70483330,19.159,1
8/20/12,19.05,20.13,18.75,20.011,100818300,20.011,1
8/17/12,20.005,20.08,19,19.05,129057400,19.05,-1
8/16/12,20.44,20.48,19.69,19.87,157188200,19.87,1
8/15/12,20.64,21.41,20.4,21.2,47682050,21.2,-1
8/14/12,21.41,21.6,20.25,20.38,38971320,20.38,-1
8/13/12,22.15,22.45,21.4,21.6,24904700,21.6,1
8/10/12,21.41,21.82,21.13,21.807,25714310,21.807,1
8/9/12,20.75,21.17,20.61,21.01,15605960,21.01,1
8/8/12,20.71,21.15,20.22,20.72,29514550,20.72,1
8/7/12,22.2,22.45,20.5,20.72,36699380,20.72,-1
8/6/12,21.39,22.15,21.3,21.92,27733830,21.92,1
8/3/12,20.36,22.16,19.9,21.09,80626220,21.09,-1
8/2/12,20.77,20.84,19.82,20.04,56264460,20.04,1
8/1/12,21.5,21.58,20.84,20.88,44488370,20.88,1
7/31/12,23.37,23.37,21.61,21.71,55998620,21.71,1
7/30/12,23.995,24.04,23.03,23.15,29253590,23.15,1
7/27/12,23.19,24.54,22.28,23.705,123011300,23.705,-1
7/26/12,27.75,28.23,26.73,26.845,61009290,26.845,-1
7/25/12,28.39,29.49,28.08,29.34,16749990,29.34,-1
7/24/12,28.82,29.45,28.1,28.45,11512350,28.45,-1
7/23/12,28.12,29,28.01,28.75,12383610,28.75,1
7/20/12,29,29.47,28.72,28.76,11854290,28.76,-1
7/19/12,29.41,29.5,28.63,29,13671200,29,1
7/18/12,28.31,29.29,28.15,29.11,16807730,29.11,0
7/17/12,28.48,28.59,27.15,28.09,30410530,28.09,1
7/16/12,30.5,30.5,28.21,28.245,24549800,28.245,-1
7/13/12,31.04,31.07,30.56,30.72,8102653,30.72,-1
7/12/12,30.7,31.4,30.6,30.81,11299240,30.81,-1
7/11/12,31.48,31.56,30.55,30.97,12997760,30.97,-1
7/10/12,32.43,32.48,31.1599,31.47,14238190,31.47,-1
7/9/12,32.1,32.88,31.99,32.17,17755740,32.17,1
7/6/12,31.44,31.9,31.26,31.73,10943350,31.73,1
7/5/12,31.32,31.625,31.02,31.47,10027250,31.47,-1
7/3/12,30.91,31.44,30.8,31.2,8765498,31.2,1
7/2/12,31.25,31.73,30.55,30.771,14110230,30.771,1
6/29/12,31.92,31.99,30.76,31.095,19508980,31.095,1
6/28/12,31.96,32.19,30.9,31.36,17659080,31.36,-1
6/27/12,32.46,32.9,31.9,32.23,28553940,32.23,-1
6/26/12,32.69,33.44,32.5,33.1,24785970,33.1,-1
6/25/12,32.86,33.02,31.55,32.06,24330740,32.06,1
6/22/12,32.41,33.45,32.06,33.05,73424890,33.05,1
6/21/12,31.67,32.5,31.51,31.84,21843070,31.84,-1
6/20/12,31.92,31.9288,31.15,31.6,15549740,31.6,1
6/19/12,31.535,32.18,30.7,31.911,30826830,31.911,1
6/18/12,29.955,32.08,29.41,31.41,42958450,31.41,-1
6/15/12,28.505,30.1,28.35,30.014,43517670,30.014,1
6/14/12,27.65,28.32,27.38,28.29,16835510,28.29,-1
6/13/12,27.66,28.1,27.1,27.27,17110160,27.27,1
6/12/12,27.48,27.77,26.96,27.4,15809640,27.4,-1
6/11/12,27.18,28.07,26.835,27.005,28202230,27.005,1
6/8/12,26.55,27.76,26.44,27.1,37997180,27.1,1
6/7/12,27,27.35,26.15,26.31,26132090,26.31,1
6/6/12,26.07,27.17,25.52,26.81,61427940,26.81,-1
6/5/12,26.7,27.76,25.75,25.869,42367740,25.869,-1
6/4/12,27.2,27.65,26.44,26.9,35204750,26.9,-1
6/1/12,28.892,29.15,27.39,27.72,41837160,27.72,-1
5/31/12,28.545,29.67,26.83,29.6,110940500,29.6,1
5/30/12,28.695,29.55,27.86,28.19,57237340,28.19,1
5/29/12,31.48,31.69,28.65,28.84,77941380,28.84,1
5/25/12,32.9,32.95,31.11,31.91,37101630,31.91,-1
5/24/12,32.95,33.21,31.77,33.03,50208760,33.03,1
5/23/12,31.37,32.5,31.36,32,73541150,32,1
5/22/12,32.61,33.59,30.94,31,101667700,31,-1
5/21/12,36.53,36.66,33,34.03,167943600,34.03,1
5/18/12,42,45,38,38.2318,579377500,38.2318,-1