date,open,high,low,close,volume,Adjclose,jpn
12/9/16,799.3,809.95,798.05,809.45,1900034,809.45,1
12/8/16,792.95,799,787.905,795.17,1611923,795.17,1
12/7/16,779.95,792,773.53,791.47,2026403,791.47,1
12/6/16,780.19,785.28,773.32,776.18,1733244,776.18,1
12/5/16,770,780,766.9686,778.22,1685519,778.22,-1
12/2/16,761.9,770.5,759,764.46,1696488,764.46,-1
12/1/16,778.55,778.6,753.36,764.33,2863993,764.33,1
11/30/16,789.1,791.51,773.145,775.88,2272782,775.88,1
11/29/16,788.38,796.44,785.34,789.44,1560963,789.44,-1
11/28/16,778.35,799.74,778.1,785.79,2569319,785.79,-1
11/25/16,782.61,782.9,778.19,780.23,613549,780.23,1
11/23/16,789.52,789.52,772.65,779,1311228,779,0
11/22/16,788.99,793.77,783.74,785,1391312,785,1
11/21/16,778.1,786.55,776.3,784.8,1628530,784.8,1
11/18/16,787.17,791.29,775.35,775.97,1800135,775.97,1
11/17/16,782.5,788.9,779.85,786.16,1531650,786.16,1
11/16/16,770.42,783.5,766.33,779.98,1796559,779.98,1
11/15/16,765.47,780.2376,765.22,775.16,2940057,775.16,-1
11/14/16,771.76,771.78,743.59,753.22,3681471,753.22,1
11/11/16,776.81,777.29,765.54,771.75,3587879,771.75,1
11/10/16,810,810.06,768.23,780.29,5902116,780.29,1
11/9/16,801.83,811.71,792.035,805.59,3095105,805.59,-1
11/8/16,802.03,816.04,799.62,811.98,1759885,811.98,-1
11/7/16,794.95,805,792.9,802.03,1986464,802.03,1
11/4/16,771.3,788.48,771.0043,781.1,1967620,781.1,-1
11/3/16,784.5,790,778.63,782.19,2173340,782.19,0
11/2/16,806.76,806.76,785,788.42,2284886,788.42,-1
11/1/16,810.87,813.96,798.26,805.48,2354652,805.48,1
10/31/16,822.43,822.63,808,809.9,2238967,809.9,-1
10/28/16,829.94,839,817,819.56,4352704,819.56,1
10/27/16,823.01,826.58,814.61,817.35,2939601,817.35,-1
10/26/16,827.12,827.71,816.35,822.1,1791756,822.1,1
10/25/16,838.5,838.5,825.3005,828.55,1887068,828.55,1
10/24/16,830.09,837.94,829.04,835.74,1444851,835.74,1
10/21/16,820,824.29,818.31,824.06,1612418,824.06,-1
10/20/16,827.56,828.465,820.55,821.63,1385811,821.63,1
10/19/16,824.52,829.81,823.205,827.09,1497429,827.09,1
10/18/16,814.21,828.81,813.33,821.49,2287485,821.49,1
10/17/16,805.99,813.49,803.83,806.84,1055806,806.84,1
10/14/16,807.45,810.09,802.32,804.6,1106895,804.6,1
10/13/16,806.07,806.56,798.62,804.08,1368311,804.08,-1
10/12/16,811.96,814.5,808.5545,811.77,905703,811.77,-1
10/11/16,814.17,819.86,807.37,809.57,1719835,809.57,1
10/10/16,803.93,817.38,802.24,814.17,1489003,814.17,0
10/7/16,805.93,805.94,796.82,800.71,1163810,800.71,-1
10/6/16,804.08,806.945,800.51,803.08,1098158,803.08,-1
10/5/16,806,808.5,800.71,801.23,1209183,801.23,1
10/4/16,805,806.5,799.67,802.79,1257681,802.79,1
10/3/16,802.55,803.54,796.23,800.38,1487130,800.38,1
9/30/16,803.6,808.09,801.5,804.06,1628896,804.06,-1
9/29/16,807.23,813.91,800.855,802.64,1348241,802.64,1
9/28/16,804.08,810.25,802.7803,810.06,1469220,810.06,-1
9/27/16,801.83,813.49,801.83,810.73,1362135,810.73,1
9/26/16,809.82,810.08,800.45,802.65,1431779,802.65,-1
9/23/16,815.14,817,812.73,814.96,1411216,814.96,-1
9/22/16,810,819.06,807.71,815.95,1757641,815.95,0
9/21/16,801.26,805.91,796.03,805.03,1346610,805.03,1
9/20/16,800,802.75,798.26,799.78,1049912,799.78,-1
9/19/16,801.11,803.99,793.56,795.39,1146770,795.39,0
9/16/16,799.02,799.02,793.62,797.97,2129528,797.97,1
9/15/16,790.01,803.645,788.66,801.23,1563899,801.23,-1
9/14/16,787.53,796.33,787.53,790.46,1313008,790.46,-1
9/13/16,794.01,795.79,784.33,788.72,1808015,788.72,1
9/12/16,784.52,800.17,783.5,798.82,1861467,798.82,-1
9/9/16,798.77,801.75,788.05,788.48,1882483,788.48,1
9/8/16,805.22,808.42,801.0101,802.84,1176431,802.84,-1
9/7/16,807.93,810.6,803.72,807.99,1145552,807.99,-1
9/6/16,798.39,810.89,795.43,808.02,1989232,808.02,1
9/2/16,795.27,797.1,793.26,796.87,1349109,796.87,-1
9/1/16,791.98,792.89,786.33,791.4,1303118,791.4,1
8/31/16,789.6,791.57,787.2,789.85,1070140,789.85,1
8/30/16,792.88,798,789.47,791.92,1190034,791.92,-1
8/29/16,793.05,798.52,790.32,795.82,772876,795.82,1
8/26/16,792.49,799.4,789.4069,793.22,1248466,793.22,-1
8/25/16,792,794.72,787.23,791.3,1201902,791.3,-1
8/24/16,796.86,798.46,790.76,793.6,1283824,793.6,1
8/23/16,800.48,801,795.99,796.59,916133,796.59,-1
8/22/16,798.51,799.3,794.33,796.95,852892,796.95,1
8/19/16,799.79,801.23,796.88,799.65,1120336,799.65,1
8/18/16,805.36,808,801.63,802.75,864660,802.75,-1
8/17/16,800,805.63,796.3,805.42,1064729,805.42,1
8/16/16,803.5,804.26,797,801.19,1056936,801.19,-1
8/15/16,807.21,811.36,804.03,805.96,929916,805.96,-1
8/12/16,805.09,807.19,803.64,807.05,896802,807.05,1
8/11/16,810.47,813.879,806,808.2,1281610,808.2,0
8/10/16,807.05,810.879,806.49,808.49,916595,808.49,-1
8/9/16,804.49,813.33,804.06,807.48,1607256,807.48,1
8/8/16,806,807.6,801.69,805.23,1221422,805.23,1
8/5/16,800.11,807.22,797.81,806.93,1805900,806.93,-1
8/4/16,798.24,800.2,793.92,797.25,1075295,797.25,1
8/3/16,796.47,799.54,793.02,798.92,1460553,798.92,-1
8/2/16,797.33,802.32,794.53,800.12,1995240,800.12,-1
8/1/16,786.67,807.49,785.04,800.94,3024763,800.94,1
7/29/16,797.71,803.94,790,791.34,5066995,791.34,1
7/28/16,768.84,768.97,759.09,765.84,3590254,765.84,-1
7/27/16,758.97,764.45,755.93,761.97,1595341,761.97,1
7/26/16,757.52,759.26,752.7503,757.65,1186574,757.65,-1
7/25/16,757.68,759.8249,754.07,757.52,1073258,757.52,-1
7/22/16,757.32,759.45,752.655,759.28,1045450,759.28,-1
7/21/16,757,758.15,751.52,754.41,953043,754.41,1
7/20/16,754.05,760.64,754.05,757.08,1124699,757.08,-1
7/19/16,749.87,756.59,748.489,753.41,1521192,753.41,1
7/18/16,737.91,755.1369,736.51,753.2,1927867,753.2,0
7/15/16,741,741,734.64,735.63,1614967,735.63,1
7/14/16,733.94,736.14,730.59,735.8,1069376,735.8,1
7/13/16,735.52,735.52,729.02,729.48,1020847,729.48,1
7/12/16,731.92,735.6,727.5,732.51,1328656,732.51,1
7/11/16,719.42,728.9289,718.865,727.2,1432923,727.2,1
7/8/16,710.56,717.9,708.11,717.78,1492655,717.78,-1
7/7/16,710.11,710.17,700.67,707.26,1057750,707.26,-1
7/6/16,699.84,713,699,708.97,1444163,708.97,-1
7/5/16,705.01,708.12,699.13,704.89,1421850,704.89,-1
7/1/16,705.1,712.53,703.73,710.25,1548430,710.25,1
6/30/16,697.65,703.77,694.9015,703.53,2110713,703.53,1
6/29/16,694.26,699.5,692.6834,695.19,2154792,695.19,1
6/28/16,691.37,692.7399,684.85,691.26,1910261,691.26,1
6/27/16,682.49,683.325,672.66,681.14,2909539,681.14,1
6/24/16,690.17,705,684.91,685.2,4767591,685.2,-1
6/23/16,710.55,714.88,700.25,714.87,2121556,714.87,1
6/22/16,714.05,714.21,705.88,710.47,1452007,710.47,-1
6/21/16,710.05,715.38,704.66,708.88,1492642,708.88,1
6/20/16,710.31,715.87,705.41,706.13,2282347,706.13,1
6/17/16,721.39,721.39,701.12,704.25,4112597,704.25,1
6/16/16,727.96,730.39,715.54,724.25,2246849,724.25,-1
6/15/16,734.92,737.15,731.31,732.19,1157759,732.19,1
6/14/16,729.31,736,726.5,733.25,1327872,733.25,-1
6/13/16,729.82,739,729.82,731.88,1166558,731.88,-1
6/10/16,735.95,739.64,730.51,733.19,1452155,733.19,-1
6/9/16,737.07,743.93,736.5,742.52,958731,742.52,-1
6/8/16,739.5,743.81,735.765,742.93,1615601,742.93,1
6/7/16,733.27,736.71,730.8,731.09,1214733,731.09,1
6/6/16,738.5,738.5,728.29,730.06,1491771,730.06,-1
6/3/16,741.49,741.49,733.91,735.86,1230030,735.86,1
6/2/16,746.1,747.3,737,744.27,1695221,744.27,-1
6/1/16,748.47,751.37,744.34,748.46,1039582,748.46,-1
5/31/16,748.76,753.48,745.57,748.85,2123407,748.85,1
5/27/16,737.51,747.91,737.01,747.6,1739463,747.6,1
5/26/16,736,741.1,733,736.93,1359797,736.93,1
5/25/16,735,739.89,732.6,738.1,1615382,738.1,1
5/24/16,719.85,734.2,719.645,733.03,1893201,733.03,-1
5/23/16,719.98,723.4999,716.94,717.25,1237493,717.25,-1
5/20/16,716.46,727.7,715.01,721.71,1730353,721.71,1
5/19/16,718.3,720.5,710.305,715.31,1523254,715.31,1
5/18/16,718.5,725.57,715.02,721.78,1622966,721.78,-1
5/17/16,731.06,735.85,718,720.19,1668702,720.19,1
5/16/16,724.32,732.68,720,730.3,1124740,730.3,1
5/13/16,726.62,731.29,723.51,724.83,1255038,724.83,-1
5/12/16,732,735.37,724.27,728.07,1354049,728.07,1
5/11/16,740.52,740.8,727.9025,730.55,1489772,730.55,1
5/10/16,734.96,740,731.61,739.38,1629685,739.38,1
5/9/16,726.7,734.29,723.5,729.13,1900579,729.13,1
5/6/16,712.2,725.99,711.95,725.18,1994510,725.18,1
5/5/16,715,717.55,709.4501,714.71,1482730,714.71,-1
5/4/16,706.77,715.05,704.05,711.37,1708120,711.37,0
5/3/16,712.5,713.37,707.33,708.44,1930313,708.44,0
5/2/16,711.92,715.41,706.36,714.41,1673095,714.41,-1
4/29/16,704.12,712.11,703.78,707.88,2913286,707.88,0
4/28/16,723.29,729.26,703.2,705.06,3124368,705.06,-1
4/27/16,725.32,727.15,709.08,721.46,3305829,721.46,-1
4/26/16,744.42,745.59,720.32,725.37,2776678,725.37,-1
4/25/16,735.35,744.88,735.1,742.21,2470543,742.21,-1
4/22/16,743.91,753.92,730.37,737.77,7038718,737.77,1
4/21/16,777.31,781.6799,771.55,780,3786960,780,1
4/20/16,779.16,779.66,771.27,774.92,1710652,774.92,1
4/19/16,790.5,790.95,770.27,776.25,2195959,776.25,1
4/18/16,780.19,788.55,777.61,787.68,1673385,787.68,-1
4/15/16,775.5,780.93,774.9301,780,1559707,780,-1
4/14/16,775.36,779.61,773.22,775.39,1348242,775.39,1
4/13/16,770.31,775.75,764.5908,771.91,1769568,771.91,1
4/12/16,758.43,764.92,751.565,764.32,1366589,764.32,1
4/11/16,765.45,767.22,757.34,757.54,1586524,757.54,-1
4/8/16,765.87,767.13,755.77,759.47,1171831,759.47,1
4/7/16,765.32,769.36,757.5,760.12,1274258,760.12,1
4/6/16,757.84,768.42,756.3,768.07,1262942,768.07,-1
4/5/16,758.13,762.87,755.6,758.57,1222899,758.57,-1
4/4/16,769.51,772.44,761.785,765.12,1346216,765.12,-1
4/1/16,757.16,770.04,755.2,769.67,1582377,769.67,-1
3/31/16,768.34,769.0842,758.25,762.9,1627359,762.9,-1
3/30/16,768.21,777.31,767.58,768.34,2018489,768.34,-1
3/29/16,753.68,767.18,748.29,765.89,1988867,765.89,-1
3/28/16,756.17,758.3,752.04,753.28,1083237,753.28,1
3/24/16,751.2,757.555,750.5,754.84,1532760,754.84,-1
3/23/16,763.35,765.39,756.03,757.56,1233396,757.56,-1
3/22/16,758.44,765,757.875,760.05,1104542,760.05,1
3/21/16,753.91,763.34,751.27,762.16,1438431,762.16,0
3/18/16,761.63,762.14,751.82,755.41,2814010,755.41,-1
3/17/16,757.65,765.34,757.36,758.48,2227732,758.48,-1
3/16/16,749.05,759,746.5,757.36,1462328,757.36,-1
3/15/16,746.02,753.01,742.84,750.57,1479737,750.57,-1
3/14/16,744.97,754.26,743.6625,750.24,1640531,750.24,1
3/11/16,739.95,744.9,736.7,744.87,1767725,744.87,1
3/10/16,727.79,736.54,723.29,732.17,2229615,732.17,1
3/9/16,715.165,726.24,712.66,725.41,1977088,725.41,-1
3/8/16,708.39,722.25,704,713.53,2625740,713.53,-1
3/7/16,725.15,727.21,705.14,712.8,3085143,712.8,-1
3/4/16,734.8,735,725.62,730.22,2424117,730.22,1
3/3/16,739.48,741,729.63,731.59,2025542,731.59,1
3/2/16,742.87,743.121,733.25,739.48,1814990,739.48,1
3/1/16,721.3,742.33,718.64,742.17,3003534,742.17,1
2/29/16,721,730.6,716.84,717.22,2248577,717.22,-1
2/26/16,733.6,736.16,721.9392,724.86,2122722,724.86,1
2/25/16,722.93,729.51,713.23,729.12,1806153,729.12,1
2/24/16,710.61,721.22,702.02,720.9,1846479,720.9,-1
2/23/16,726.1,730.9,715.67,717.29,2062573,717.29,-1
2/22/16,729.51,734.845,723.45,729.05,1875263,729.05,1
2/19/16,715.9,724.03,713.12,722.11,1745074,722.11,-1
2/18/16,733.96,736,715.55,717.51,2362978,717.51,1
2/17/16,727,733.76,716.61,731.97,2456691,731.97,-1
2/16/16,718.65,722.8789,710.18,717.64,2170580,717.64,1
2/12/16,712.21,716,701.58,706.89,2326729,706.89,-1
2/11/16,696.34,712.315,691.19,706.36,3245164,706.36,0
2/10/16,711.79,723.22,705.39,706.85,3012501,706.85,-1
2/9/16,692.95,720.96,688.5,701.02,4200412,701.02,-1
2/8/16,687.68,704.52,682.01,704.16,4446576,704.16,1
2/5/16,725.5,726.72,700.14,703.76,5470489,703.76,-1
2/4/16,744.59,745.24,722.6001,730.03,5234019,730.03,-1
2/3/16,786.28,791.43,736.26,749.38,6551756,749.38,-1
2/2/16,800.5,810.35,780.6,780.91,6784651,780.91,-1
2/1/16,771.26,777.59,761.38,770.77,5450452,770.77,1
1/29/16,748.96,765.105,744.2,761.35,3783526,761.35,1
1/28/16,738.19,751.16,730.6,748.3,3099545,748.3,-1
1/27/16,735.89,735.89,713.45,717.58,2105853,717.58,1
1/26/16,735.21,739.46,726.97,733.79,1545696,733.79,-1
1/25/16,743.84,752.46,732.501,733.62,2264914,733.62,1
1/22/16,742,748.56,740.5,745.46,2357079,745.46,1
1/21/16,720.17,737.67,711.11,726.67,2595123,726.67,-1
1/20/16,705.9,726.95,687.78,718.56,4118503,718.56,-1
1/19/16,720.15,725.35,709.85,719.08,2434005,719.08,-1
1/15/16,709.99,724.158,701.51,710.49,3789249,710.49,-1
1/14/16,724.44,739.89,705,731.39,2768633,731.39,-1
1/13/16,749.34,753,716.78,719.57,2578588,719.57,1
1/12/16,740.75,748.34,736.43,745.34,2337503,745.34,-1
1/11/16,731.95,735.08,719.56,733.07,2537985,733.07,0
1/8/16,747.8,750.12,728.9201,730.91,2374762,730.91,-1
1/7/16,746.49,755.31,735.28,741,3152358,741,-1
1/6/16,750.37,765.73,748,759.33,2408797,759.33,-1
1/5/16,764.1,769.2,755.65,761.53,2257466,761.53,-1
1/4/16,762.2,762.2,747.54,759.44,3363528,759.44,-1
12/31/15,787.82,788.33,777.32,778.01,1637241,778.01,0
12/30/15,793.96,796.455,787.2,790.3,1427271,790.3,1
12/29/15,786.99,798.69,786.202,793.96,1919541,793.96,1
12/28/15,770,782.815,767.73,782.24,1555564,782.24,1
12/24/15,768.52,769.2,764.39,765.84,521141,765.84,-1
12/23/15,770.69,771.9,757.65,768.51,1529510,768.51,0
12/22/15,764.27,770.34,761.2,767.13,1814253,767.13,-1
12/21/15,763.05,766.35,754.15,760.8,1737946,760.8,-1
12/18/15,767.23,774.14,756.59,756.85,3374853,756.85,-1
12/17/15,781.16,781.59,769.3,769.83,1823211,769.83,1
12/16/15,766.57,781.5,757.045,776.59,2651259,776.59,1
12/15/15,767.79,774.75,758,760.09,2461633,760.09,-1
12/14/15,751.26,764.15,736.26,762.54,2698393,762.54,-1
12/11/15,749,757.44,748.65,750.42,2156617,750.42,1
12/10/15,763.59,766.0655,755,760.04,1620898,760.04,-1
12/9/15,771.1,776.0926,752.0066,762.55,2311713,762.55,-1
12/8/15,764.5,778.65,762.52,775.14,1553155,775.14,-1
12/7/15,780.06,781,766.72,772.99,1825712,772.99,1
12/4/15,769.71,782.42,765.51,779.21,2489157,779.21,-1
12/3/15,780.56,784.48,762.45,768.2,2094623,768.2,1
12/2/15,785.25,793.0475,776.43,777.85,2335118,777.85,-1
12/1/15,766.94,785,765.95,783.79,2016443,783.79,1
11/30/15,771.87,775.03,761.12,762.85,1611922,762.85,-1
11/27/15,769.16,774,767.0001,771.97,722320,771.97,1
11/25/15,771.69,773,766.53,769.26,1180083,769.26,-1
11/24/15,772.96,775.99,758.11,769.63,2391171,769.63,1
11/23/15,777.47,782.9,773.51,776.7,1732340,776.7,0
11/20/15,769.3,779.318,764.1,777,2772642,777,1
11/19/15,759.78,763.23,757.23,759.94,1403664,759.94,1
11/18/15,749.57,761.1,747.39,760.01,1809897,760.01,1
11/17/15,752.47,754.95,744.05,745.98,1941187,745.98,1
11/16/15,740.21,751.71,734.33,750.42,2531896,750.42,-1
11/13/15,754.04,755.33,739.47,740.07,2406131,740.07,-1
11/12/15,760.18,765.799,755.86,756.53,1768372,756.53,1
11/11/15,762.38,769.08,759.75,765.25,2093422,765.25,1
11/10/15,753.48,760.6,748.41,758.26,1489851,758.26,1
11/9/15,758.52,763.3,749.11,754.77,1776667,754.77,1
11/6/15,759.39,763.022,755.03,761.6,1675784,761.6,1
11/5/15,758.81,766.35,757.47,760.67,2272684,760.67,1
11/4/15,749.9,759.9,749.2,755.31,2087911,755.31,1
11/3/15,745.43,751.698,741.16,748.82,1814805,748.82,0
11/2/15,737.88,748.18,731.45,747.74,1994264,747.74,-1
10/30/15,745.56,746.31,736.53,737.39,1997533,737.39,1
10/29/15,736.63,746.79,735.16,744.85,1824574,744.85,1
10/28/15,733,737.37,727.27,736.92,1967439,736.92,1
10/27/15,726.57,735.9642,724.135,732.82,1936404,732.82,-1
10/26/15,720.02,734.95,720.02,731.12,2411726,731.12,1
10/23/15,750.06,752.5,717.94,719.33,6330015,719.33,1
10/22/15,675.44,688.0499,671.7,681.14,4360204,681.14,-1
10/21/15,683.21,684.9,670.7,671.8,1604735,671.8,1
10/20/15,697.89,698,673.68,680,2619471,680,1
10/19/15,694,700.2397,692.21,699.95,1502651,699.95,-1
10/16/15,695.4,696.22,689.1,695.32,1815517,695.32,1
10/15/15,685.25,694.16,684.39,693.02,2355459,693.02,1
10/14/15,683.73,690.04,678.9,680.41,1563983,680.41,-1
10/13/15,674.26,688.46,673.108,683.17,2115479,683.17,-1
10/12/15,669.19,677.98,667.24,676.43,1331892,676.43,0
10/9/15,667.49,674.085,662.36,671.24,1604461,671.24,1
10/8/15,669.45,671.89,654.49,667,1963318,667,-1
10/7/15,677.4,678.74,658.11,670,2188886,670,1
10/6/15,669.35,678.8,663.0823,671.64,2156640,671.64,1
10/5/15,661.6,673.0275,655.87,671.68,1896277,671.68,1
10/2/15,638.01,658.2555,633.5,656.99,2434071,656.99,1
10/1/15,637.94,643.84,631.115,642,2117079,642,1
9/30/15,631.83,639.31,629.15,638.37,2644953,638.37,1
9/29/15,625.5,634.68,618.03,622.61,2106411,622.61,-1
9/28/15,639.05,642.85,617.84,624.25,2372041,624.25,-1
9/25/15,658.58,658.58,639.655,640.15,2421258,640.15,1
9/24/15,648.97,656.7699,642.165,654.91,1933343,654.91,1
9/23/15,652.9,660.28,650.7301,653.29,1455506,653.29,-1
9/22/15,657.47,658.82,645.03,653.2,2714760,653.2,0
9/21/15,665.51,669,658,666.98,1908296,666.98,0
9/18/15,665.06,669.84,660.03,660.92,3622426,660.92,-1
9/17/15,667.49,681.99,665,671.67,2372191,671.67,1
9/16/15,665.55,668.0699,662.2,665.52,1311353,665.52,1
9/15/15,656.71,668.85,653.34,665.07,1776383,665.07,1
9/14/15,655.63,655.92,649.501,652.47,1497577,652.47,-1
9/11/15,650.21,655.31,647.41,655.3,1744371,655.3,-1
9/10/15,643.9,654.9,641.7,651.08,1387402,651.08,-1
9/9/15,651.88,657.36,640.9,643.41,2046496,643.41,1
9/8/15,641,645.04,632.9,643.88,1952855,643.88,-1
9/4/15,629.7,634.5,626.5,628.96,2021368,628.96,-1
9/3/15,647.93,651.25,633.8073,637.05,1726636,637.05,1
9/2/15,638,645.057,630.64,644.91,1876564,644.91,-1
9/1/15,633.81,644.44,625.06,629.56,2572229,629.56,-1
8/31/15,654.34,664.41,646.35,647.82,1939177,647.82,-1
8/28/15,665.76,667,653.75,659.69,1937829,659.69,1
8/27/15,671.99,673.9799,651.1,667.96,2943990,667.96,1
8/26/15,643.1,662.48,630.37,659.74,4292376,659.74,1
8/25/15,646.468,647,611.67,612.47,3565971,612.47,-1
8/24/15,600.6,644.33,593.09,618.11,6472137,618.11,-1
8/21/15,671.04,672.89,643.104,644.03,4525625,644.03,-1
8/20/15,689.1,696.16,675.2801,679.48,2885476,679.48,-1
8/19/15,690.11,700.2,686.8,694.04,2507033,694.04,-1
8/18/15,691.07,695.7568,685.32,688.73,1385267,688.73,-1
8/17/15,688.04,694.74,683.06,694.11,1231922,694.11,1
8/14/15,684.04,692.26,682.9,689.37,1379730,689.37,-1
8/13/15,689.2,694.03,682.18,686.51,1812741,686.51,1
8/12/15,694.49,696,680.51,691.47,2926164,691.47,-1
8/11/15,699.58,704,684.32,690.3,5472566,690.3,-1
8/10/15,667.09,671.62,660.23,663.14,1587541,663.14,1
8/7/15,667.78,668.795,658.87,664.39,1376441,664.39,1
8/6/15,673.99,674.75,660.73,670.15,2031876,670.15,1
8/5/15,665.75,679.91,665.5827,673.29,1821862,673.29,1
8/4/15,664.34,668,660.51,661.28,1306378,661.28,-1
8/3/15,657.66,666.67,657.66,664.72,1561711,664.72,-1
7/31/15,664.7,664.9999,657.2,657.5,1744458,657.5,1
7/30/15,657.44,668.05,651.69,664.56,1979981,664.56,1
7/29/15,662.26,663.33,652.84,661.43,1835632,661.43,-1
7/28/15,661.76,664.1,653.41,659.66,1718071,659.66,-1
7/27/15,651.57,667.07,651.55,658.27,2917862,658.27,-1
7/24/15,676.77,677.79,653.18,654.77,4127302,654.77,-1
7/23/15,691.85,696.07,671.59,674.73,3738692,674.73,1
7/22/15,694.02,713.33,691.62,695.1,4132750,695.1,-1
7/21/15,684.88,705.6,684.15,695.35,3764433,695.35,1
7/20/15,688.98,697.8,681.77,692.84,5116327,692.84,0
7/17/15,680,703,678,699.62,12846880,699.62,1
7/16/15,589.5,604.5,587.92,601.78,5401450,601.78,1
7/15/15,583.74,588.69,580.21,583.96,2067590,583.96,1
7/14/15,574.5,589.7087,574.17,584.18,3710928,584.18,1
7/13/15,559.51,572.85,558.7,571.73,2085866,571.73,1
7/10/15,553.71,559.29,552,556.11,2169406,556.11,-1
7/9/15,548.65,548.88,544.62,544.65,1485579,544.65,1
7/8/15,545.6,548.28,541.2,541.7,1380910,541.7,-1
7/7/15,547.43,551,539.85,550.03,1678926,550.03,1
7/6/15,542.25,548.58,542.095,545.62,1277899,545.62,-1
7/2/15,544.74,548,543.57,547.34,1406198,547.34,1
7/1/15,543.66,545.81,539.76,543.3,1536068,543.3,1
6/30/15,545.09,545.9,539.54,540.04,1724359,540.04,1
6/29/15,546.75,550.9,540.24,541.25,1880383,541.25,-1
6/26/15,559.71,560,551.85,553.06,2183443,553.06,-1
6/25/15,560.3,563.14,557.455,557.95,1335133,557.95,-1
6/24/15,562.48,562.64,556.81,558.57,1442149,558.57,1
6/23/15,559.79,564.9,557.15,563.39,1568936,563.39,1
6/22/15,559.41,565.61,558.91,559.68,1735267,559.68,1
6/19/15,556.52,557.91,552.258,557.52,2961487,557.52,1
6/18/15,548,557.25,548,556.18,2058702,556.18,-1
6/17/15,545.42,548.36,541.81,546.6,1216067,546.6,-1
6/16/15,544.48,546.69,541.5724,544.87,1625462,544.87,-1
6/15/15,542.73,544.05,539.21,543,1357406,543,-1
6/12/15,547.15,548.85,545.63,547.47,1272112,547.47,1
6/11/15,554.49,554.83,549.17,550.04,1287655,550.04,1
6/10/15,545.7,554.78,545.11,552.6,1512572,552.6,-1
6/9/15,543.42,544.84,538.8506,542.16,1496543,542.16,-1
6/8/15,549.61,549.87,542.95,543.48,1366108,543.48,-1
6/5/15,552,553.33,547.384,549.53,1218634,549.53,-1
6/4/15,552.18,555.96,549.12,551.69,1316279,551.69,1
6/3/15,555.1,557.99,552.15,555.29,1333465,555.29,-1
6/2/15,547.43,558.79,546.55,553.95,1592575,553.95,-1
6/1/15,548.73,550.57,543.58,549.21,1653245,549.21,1
5/29/15,553.2,553.94,545.04,545.32,2158011,545.32,1
5/28/15,553.79,555.76,550.8,554.18,1177318,554.18,1
5/27/15,548.68,555.29,546.5813,554.25,1742062,554.25,1
5/26/15,552.58,553.3305,542.97,547.19,1866458,547.19,1
5/22/15,554.46,558.24,553.62,554.52,1209496,554.52,1
5/21/15,550.2,557.61,549.301,556.81,1707151,556.81,1
5/20/15,550.92,556.065,545.1,552.51,1540493,552.51,1
5/19/15,548,553.4,547.12,549.28,2354545,549.28,1
5/18/15,543.82,548.34,542.25,546.67,1333895,546.67,1
5/15/15,550.39,550.6,542.5,546.49,1669028,546.49,1
5/14/15,543.97,549.69,542.5,549.2,1583182,549.2,-1
5/13/15,540.47,543.84,538.98,539.49,1211630,539.49,1
5/12/15,542.81,542.961,535,538.73,1762653,538.73,1
5/11/15,548.49,553.3699,545.6,545.78,1091503,545.78,1
5/8/15,548.87,552.8,548.03,548.95,1411047,548.95,1
5/7/15,535.9,545.2,533.45,542.04,1590003,542.04,-1
5/6/15,542.64,543.93,532.235,535.08,1948741,535.08,0
5/5/15,550.16,552.61,542.37,543.045,1422862,543.045,0
5/4/15,550.99,556.69,547.39,552.84,1750805,552.84,0
5/1/15,550.51,551.22,543.85,551.16,1730758,551.16,1
4/30/15,558.56,561.11,546.72,548.77,2359357,548.77,-1
4/29/15,560.51,565.84,559,561.39,1680892,561.39,0
4/28/15,564.32,567.83,560.96,564.37,1859750,564.37,1
4/27/15,572.77,575.52,562.3,566.12,2398657,566.12,-1
4/24/15,580.05,584.7,568.35,573.66,4608117,573.66,-1
4/23/15,550.41,561.17,550.08,557.46,3832155,557.46,1
4/22/15,543.06,551,541.32,549.18,1588353,549.18,1
4/21/15,546.31,547.7745,542.21,542.925,1456074,542.925,1
4/20/15,533.75,545.8,533.35,544.53,1925377,544.53,-1
4/17/15,537.31,539.8,529,532.74,2458770,532.74,-1
4/16/15,538.35,545.229,538.1,543.52,1582777,543.52,1
4/15/15,537.96,543.19,532.37,541.04,2345682,541.04,-1
4/14/15,546.57,546.57,535.74,539.78,2357586,539.78,1
4/13/15,547.05,553.27,546.3,548.64,1466277,548.64,-1
4/10/15,549.57,549.85,544.98,548.54,1305197,548.54,-1
4/9/15,549.21,549.37,541.951,548.02,1617785,548.02,1
4/8/15,546,551.5,546,548.84,1419291,548.84,1
4/7/15,544.99,550.16,543.585,544.86,1365906,544.86,1
4/6/15,538.84,545.54,535.7,543.95,1684445,543.95,1
4/2/15,547.41,548,540.44,541.31,2387229,541.31,1
4/1/15,554.83,558.5,546.03,549.49,1936432,549.49,-1
3/31/15,557.94,562.45,554.67,554.7,1746223,554.7,-1
3/30/15,560.25,562.16,556.79,561.135,1238950,561.135,1
3/27/15,561.83,564.066,556.93,557.55,1725780,557.55,-1
3/26/15,564.65,567.19,558.31,563.64,2489407,563.64,-1
3/25/15,577.57,580.07,567,567,2652778,567,1
3/24/15,568.54,581.88,568.09,577.54,3952003,577.54,1
3/23/15,566,569.6399,563.06,565.37,1501661,565.37,0
3/20/15,566.71,567.1,564.48,564.95,2212764,564.95,1
3/19/15,564.52,566.96,562.12,563.67,1230348,563.67,-1
3/18/15,557.73,566.51,553.5,566.16,1762169,566.16,1
3/17/15,558.29,560.64,554.41,557.61,1443991,557.61,1
3/16/15,556.93,563.75,551.32,561.64,1840931,561.64,-1
3/13/15,559.23,564.36,550.33,553,1769482,553,1
3/12/15,558.48,561.84,555.53,561.17,1779635,561.17,1
3/11/15,559.8,564.18,555.41,555.69,2025341,555.69,1
3/10/15,568.475,569.762,559.82,559.85,2002985,559.85,-1
3/9/15,570.92,575.45,569.05,574.1,1174148,574.1,-1
3/6/15,582,582.78,572.06,572.9,1877842,572.9,1
3/5/15,579.62,583.2,578.23,581.435,1795117,581.435,1
3/4/15,576.97,581.63,572.52,578.33,1897566,578.33,-1
3/3/15,576.35,580.85,570.5,578.795,2526019,578.795,-1
3/2/15,567,575.99,563.15,575.02,2515699,575.02,1
2/27/15,558.15,569.42,557.03,562.63,3414672,562.63,1
2/26/15,545.74,560.1299,545.09,559.29,2700734,559.29,1
2/25/15,538.44,549.57,538.01,547.33,2041250,547.33,-1
2/24/15,531.55,539.4,531,538.65,1421363,538.65,1
2/23/15,539,539.3,532,535,1642529,535,1
2/20/15,547.58,547.58,538.1,541.8,1911661,541.8,1
2/19/15,542.47,546.86,540.75,546.45,1541664,546.45,1
2/18/15,543.82,547.55,539.55,542.65,1462015,542.65,1
2/17/15,551.16,553,543.26,545.01,1957516,545.01,1
2/13/15,547.51,552.54,546.6,551.16,2298660,551.16,-1
2/12/15,539.66,548.34,537,546.01,2427255,546.01,1
2/11/15,539.73,541.95,536,538,1914093,538,0
2/10/15,532.15,541,529.1725,540.16,2367572,540.16,-1
2/9/15,531.06,533.88,527.55,529.28,1513810,529.28,1
2/6/15,531.01,540.215,528.65,533.875,2144723,533.875,1
2/5/15,527.93,530.69,525.64,529.83,1658557,529.83,-1
2/4/15,533.14,536.746,525.03,526.1,1692531,526.1,1
2/3/15,529.94,537.45,526.81,533.3,2352437,533.3,-1
2/2/15,534.32,536.5,521.72,532.2,3765337,532.2,-1
1/30/15,519,543.1,518.18,537.55,6053660,537.55,1
1/29/15,512.9,515.19,503.48,513.23,3889925,513.23,-1
1/28/15,525,525.69,512.35,512.43,1784237,512.43,1
1/27/15,531.4,532.78,520.8612,521.19,1956292,521.19,1
1/26/15,541.5,541.5,532.07,536.72,1546251,536.72,-1
1/23/15,538.03,545.41,535.7508,541.95,2295988,541.95,1
1/22/15,523,538.84,521.91,537.3,2799380,537.3,1
1/21/15,510.84,521.851,509.59,520.39,2316928,520.39,-1
1/20/15,512.77,515.61,509.37,509.94,2340379,509.94,1
1/16/15,503.15,510.85,503.09,510.455,2482675,510.455,-1
1/15/15,508.89,509.75,502.01,504.01,2553978,504.01,1
1/14/15,500.42,508.26,498.16,505.93,2633957,505.93,-1
1/13/15,502.57,508.6,497.26,501.8,3049845,501.8,-1
1/12/15,499.24,500.28,490.91,497.06,2855348,497.06,0
1/9/15,508.18,508.6,498.65,500.72,2097137,500.72,1
1/8/15,501.51,507.5,495.02,506.91,3661816,506.91,1
1/7/15,510.95,511.49,503.65,505.15,2345062,505.15,1
1/6/15,520.5,521.21,505.55,506.64,2727897,506.64,-1
1/5/15,527.15,527.9899,517.75,519.46,2054120,519.46,-1
1/2/15,532.6,535.8,527.88,529.55,1325271,529.55,0
12/31/14,537.74,538.4,530.2,530.66,1235889,530.66,0
12/30/14,534.96,537.84,533.61,535.28,1046686,535.28,-1
12/29/14,540.5,543.93,537.16,537.31,2217828,537.31,-1
12/26/14,536.93,543.25,535.49,541.52,1113425,541.52,-1
12/24/14,538.82,540.29,535.1,536.93,737848,536.93,1
12/23/14,534.51,542.3,533.72,538.77,2877193,538.77,0
12/22/14,520.61,532.97,520.59,532.3,3315632,532.3,1
12/19/14,516.99,520.81,508.86,520.04,4804183,520.04,1
12/18/14,515.99,516.25,506.56,514.62,3873317,514.62,1
12/17/14,499.86,509.07,499.11,506.45,3636510,506.45,1
12/16/14,513.6,515.58,497.19,498.16,4343007,498.16,-1
12/15/14,523.76,525.37,515.397,515.84,2618113,515.84,-1
12/12/14,527.44,532.24,521.46,521.51,2370357,521.51,1
12/11/14,530.01,537.04,529.16,532.11,2071269,532.11,-1
12/10/14,535.9,539.36,527.49,528.04,2315070,528.04,-1
12/9/14,525.875,536.65,523.41,536.11,2166487,536.11,-1
12/8/14,529.22,533.815,527,530.73,3231114,530.73,1
12/5/14,536.7,538.2,527.26,528.08,3067025,528.08,1
12/4/14,537.64,542.69,534.89,542.58,1630810,542.58,1
12/3/14,537.5,541.405,535.21,536.97,1623977,536.97,1
12/2/14,539.45,541.85,534.657,538.59,2073746,538.59,1
12/1/14,545.09,548.79,538.62,539.65,1991727,539.65,1
11/28/14,547,549.6,544.4801,549.08,1210061,549.08,1
11/26/14,549.23,549.88,545.23,547.73,1480222,547.73,-1
11/25/14,547.21,552.5,546.91,549.23,1901867,549.23,1
11/24/14,546.57,551.19,544.15,547.48,1651178,547.48,0
11/21/14,551.04,551.04,545,545.89,2495482,545.89,1
11/20/14,542.09,545.38,541.5,543.76,1749993,543.76,1
11/19/14,544.75,548.22,539.19,547.2,1514254,547.2,-1
11/18/14,547.93,552.79,543.8,544.51,1821114,544.51,1
11/17/14,555.19,555.19,544.44,546.64,1672965,546.64,-1
11/14/14,558,558,552.51,555.19,1424141,555.19,1
11/13/14,560.81,560.8199,554.09,556.44,1509412,556.44,1
11/12/14,561.15,561.25,555.5,558.25,1091207,558.25,1
11/11/14,558.52,562.5,556.2419,561.29,1096715,561.29,1
11/10/14,552.4,560.63,551.62,558.23,1298160,558.23,-1
11/7/14,555.6,555.6,549.35,551.82,1588998,551.82,1
11/6/14,555.5,556.799,550.58,551.69,1649048,551.69,-1
11/5/14,566.79,566.9,554.15,555.95,1638667,555.95,1
11/4/14,561.16,564.79,558.3,564.19,1384902,564.19,1
11/3/14,563.53,567.15,561.63,563.77,1541486,563.77,0
10/31/14,568.3,568.73,564.81,567.87,2339196,567.87,1
10/30/14,558.25,562.5,552.13,560.27,1611177,560.27,1
10/29/14,560.85,564.97,555.98,558.45,2052623,558.45,1
10/28/14,551.71,559.2,550.43,558.94,1731315,558.94,-1
10/27/14,547.76,554,547.2,549.88,1596722,549.88,1
10/24/14,554.98,555,545.16,548.9,2172669,548.9,1
10/23/14,548.28,557.4,545.5,553.65,2150880,553.65,-1
10/22/14,541.05,550.76,540.23,542.69,2973468,542.69,1
10/21/14,537.27,538.77,530.2,538.03,2459395,538.03,-1
10/20/14,520.45,533.16,519.14,532.38,2747409,532.38,1
10/17/14,540.45,543.45,518.41,522.97,5992238,522.97,-1
10/16/14,527,540.99,524.95,536.92,3784199,536.92,-1
10/15/14,542.08,543.915,528.422,540.73,3808148,540.73,1
10/14/14,550.14,558.63,544.5,548.69,2608672,548.69,-1
10/13/14,555.13,560.875,544.43,544.75,2751949,544.75,0
10/10/14,567.47,575.23,555.01,555.19,2978506,555.19,-1
10/9/14,581.61,582.53,569.03,570.81,2407643,570.81,-1
10/8/14,574.79,584.69,567.64,583.74,2206710,583.74,-1
10/7/14,584.9,585.85,574.1,574.1,1544014,574.1,-1
10/6/14,589.95,592.4,585.4,587.78,1285696,587.78,1
10/3/14,584.1,588.29,583.5,586.25,1211716,586.25,1
10/2/14,578,583.24,574.05,580.88,1541071,580.88,-1
10/1/14,586.8,588.72,578.02,579.63,1447666,579.63,-1
9/30/14,587.49,591,584.5,588.41,1571469,588.41,-1
9/29/14,581.83,589.31,581.57,587.81,1142659,587.81,1
9/26/14,585.93,589.5739,585,587.9,1288870,587.9,-1
9/25/14,596.99,598.07,584.74,585.25,1665860,585.25,1
9/24/14,591.57,600.11,590.3,598.42,1757807,598.42,-1
9/23/14,595,596.65,590.24,591.18,1401711,591.18,0
9/22/14,602.5,603.8,593.12,597.27,1782194,597.27,-1
9/19/14,599.49,605.4,597.76,605.4,4184064,605.4,1
9/18/14,595.05,597.56,593.02,597.27,1493346,597.27,1
9/17/14,589.51,596.07,587.12,593.29,1711642,593.29,-1
9/16/14,580.95,590.15,580.95,588.78,1578274,588.78,-1
9/15/14,582.24,583.92,577.01,581.64,1544649,581.64,0
9/12/14,590.39,591.48,583.28,584.9,1848820,584.9,1
9/11/14,590,591.945,586.04,591.11,1499553,591.11,1
9/10/14,591.74,593.72,587.14,593.42,1156693,593.42,1
9/9/14,600.27,600.6,590.48,591.97,1571006,591.97,1
9/8/14,599.14,603.52,598.0231,601.63,1598620,601.63,1
9/5/14,595.13,598.5,593.55,597.78,1798013,597.78,-1
9/4/14,592.13,598,590.6,593.14,1630391,593.14,-1
9/3/14,591.73,594.49,586.5,589.52,1578792,589.52,1
9/2/14,582.95,589.3,582.4,588.63,1581444,588.63,1
8/29/14,582.35,582.8999,578.24,582.36,1205814,582.36,-1
8/28/14,580.02,584.71,577.88,580.32,1405713,580.32,-1
8/27/14,587.81,589.37,580.9,583,1363287,583,1
8/26/14,592,592.05,587.45,588.12,1470046,588.12,-1
8/25/14,594.77,595.58,589.26,590.57,1295469,590.57,1
8/22/14,593.27,594.99,589.8,592.54,876231,592.54,-1
8/21/14,594.9,595.25,591.101,592.42,1131118,592.42,1
8/20/14,596.95,596.99,593.001,595.41,967253,595.41,1
8/19/14,595.59,597.81,594.44,597.11,1040746,597.11,1
8/18/14,587.1,595.05,586.55,592.7,1464370,592.7,1
8/15/14,587.5,589.47,580.76,583.71,1723366,583.71,1
8/14/14,586.69,587.8,580.92,584.65,1272369,584.65,1
8/13/14,576.45,586.125,575.2,584.56,1898211,584.56,1
8/12/14,575,575.9,569.91,572.12,1390807,572.12,1
8/11/14,579,579.69,575.298,577.25,1171290,577.25,1
8/8/14,572.02,579.5639,569.02,577.94,1493324,577.94,-1
8/7/14,576.05,578.31,569.43,571.81,1162124,571.81,1
8/6/14,569.5,578.644,567.45,574.49,1322760,574.49,-1
8/5/14,579.38,580.2,570.31,573.14,1648328,573.14,-1
8/4/14,576.51,583.82,572.26,582.27,1516299,582.27,-1
8/1/14,578.555,583.43,570.3,573.6,2209772,573.6,-1
7/31/14,588.96,591.9899,577.68,579.55,2307214,579.55,-1
7/30/14,595.81,598.45,592.7,595.44,1215052,595.44,1
7/29/14,597.7,598.49,592.17,593.95,1364289,593.95,1
7/28/14,597.75,601.098,592.59,599.02,1357713,599.02,1
7/25/14,599.25,601,595.75,598.08,1359950,598.08,1
7/24/14,605.53,608.91,601,603.01,1293149,603.01,-1
7/23/14,602.05,607.05,601.35,605.19,1105900,605.19,-1
7/22/14,599.7,608.89,599.2576,603.57,1879176,603.57,1
7/21/14,601.35,604.16,594.45,598.44,2237320,598.44,0
7/18/14,603.01,606.7,590.92,605.11,4869149,605.11,-1
7/17/14,588.97,589.5,576.85,580.82,2906223,580.82,-1
7/16/14,596.89,597,590.25,590.62,1440365,590.62,-1
7/15/14,595.15,595.2999,585.31,593.06,1672965,593.06,1
7/14/14,590.6,594.86,586.693,594.26,1951055,594.26,1
7/11/14,581,588.23,580.575,586.65,1511384,586.65,-1
7/10/14,573,585.25,572.1001,580.04,1434626,580.04,-1
7/9/14,578.95,584.1,577,583.36,1371057,583.36,-1
7/8/14,586.365,587.97,574,578.4,2125090,578.4,-1
7/7/14,593.51,595.645,587.94,590.76,1334876,590.76,1
7/3/14,591.7,594.25,589,593.08,898852,593.08,-1
7/2/14,592.26,594.15,589.11,590.78,1195250,590.78,1
7/1/14,587.65,593.66,586.29,591.49,1643199,591.49,1
6/30/14,586.76,587.71,583.29,584.67,1478867,584.67,1
6/27/14,585.45,587.88,582.62,585.69,2015965,585.69,-1
6/26/14,589.3,589.6,579.6,584.77,2001257,584.77,1
6/25/14,573.55,587.3,573.26,585.93,2110029,585.93,-1
6/24/14,574.22,582.25,569.16,572.54,2843997,572.54,1
6/23/14,564.35,574.44,563.5,574.29,1722711,574.29,1
6/20/14,566.45,566.77,559.37,566.52,3156309,566.52,-1
6/19/14,561.15,565,556.6679,564.99,2627242,564.99,1
6/18/14,552.8,561.4,551.58,560.66,2057643,560.66,1
6/17/14,552.36,553.74,547.47,550.615,1477494,550.615,1
6/16/14,557.25,557.99,550,552.3,1938486,552.3,-1
6/13/14,560.08,560.65,553.72,560.35,1353287,560.35,1
6/12/14,567,567,557.15,559.5,1546085,559.5,-1
6/11/14,565.92,568.97,563.68,567.5,1128417,567.5,1
6/10/14,568.78,572,566.13,568.3,1472116,568.3,-1
6/9/14,566.75,572,565.22,570.73,1529355,570.73,1
6/6/14,568.16,568.7999,559.58,566.03,1740248,566.03,-1
6/5/14,557.11,565,555.05,564.93,1792859,564.93,1
6/4/14,551.52,558.58,548.56,553.76,1729048,553.76,1
6/3/14,560.9,562.4,552.5275,554.51,2026954,554.51,1
6/2/14,569.75,570.41,556.7,564.34,1660355,564.34,1
5/30/14,571.64,572.58,565.79,571.65,1871693,571.65,-1
5/29/14,573.39,573.48,568.4525,570.56,1409408,570.56,1
5/28/14,574.57,577.66,569.952,570.45,1580200,570.45,1
5/27/14,567.78,574.87,564.15,574.87,2185798,574.87,1
5/23/14,558.13,565,554.17,563.8,2672414,563.8,1
5/22/14,552.2,557.96,551,555.45,2146620,555.45,1
5/21/14,542.9,549.75,542.11,549.7,1562619,549.7,-1
5/20/14,540,546.35,536.57,540.39,2424962,540.39,1
5/19/14,528.88,539.35,525.66,538.83,1976325,538.83,-1
5/16/14,529.6,530.84,523.57,528.3,1907537,528.3,-1
5/15/14,533.14,533.9999,525.31,529.12,1829143,529.12,-1
5/14/14,541.82,541.82,533.11,534.41,1280903,534.41,-1
5/13/14,539.58,543.99,537.9,541.54,2010474,541.54,1
5/12/14,531.84,538.75,527.51,538.43,1944902,538.43,-1
5/9/14,518.65,527.35,514.28,526.62,2261215,526.62,1
5/8/14,515.72,527.35,514.46,520.17,2450440,520.17,1
5/7/14,523.25,524.43,511.09,518,3071981,518,-1
5/6/14,533.41,534.548,522.2601,522.57,1834320,522.57,0
5/5/14,530.24,535.72,527.58,535.33,1228390,535.33,0
5/2/14,541.44,542.4,533.27,533.87,1779648,533.87,-1
5/1/14,534.25,539.91,532.86,538.53,2003547,538.53,1
4/30/14,535.12,536.34,529.09,534.88,2036412,534.88,1
4/29/14,523.89,537.76,523,536.33,2531953,536.33,0
4/28/14,525.8,525.9,511,522.98,3750042,522.98,-1
4/25/14,532.26,533.86,522.5,523.1,2369938,523.1,1
4/24/14,541.69,542.5,531,534.44,2065546,534.44,-1
4/23/14,543.67,544.8,528.1277,537.51,1954017,537.51,1
4/22/14,536,547.995,536,545.5,2326897,545.5,-1
4/21/14,544,544,534,539.37,2422418,539.37,1
4/17/14,556.32,557,539.4,543.34,5604179,543.34,-1
4/16/14,557.7,564,553.1,563.9,4535718,563.9,1
4/15/14,551,552.89,530.64,548.7,3992074,548.7,1
4/14/14,543.66,553.02,540.52,545.2,2538776,545.2,-1
4/11/14,537.94,547.59,533.4,537.76,3174702,537.76,-1
4/10/14,568,568.21,545.5,546.69,3294330,546.69,1
4/9/14,565.84,567.8,555.38,567.04,3031068,567.04,-1
4/8/14,545.05,559.88,544.7,557.51,3482243,557.51,-1
4/7/14,544.79,549.85,530.53,540.63,3946815,540.63,-1
4/4/14,578.55,579.7173,544.494,545.25,5363131,545.25,-1
4/3/14,573.39,588.3,566.01,571.5,4012659,571.5,1
4/2/14,576.825,578.2899,567.7829,573.39,2085760,573.39,1
4/1/14,565.8987,574.6023,564.752,573.2839,2180443,573.2839,-1
3/31/14,571.0158,573.3395,562.1505,562.989,1939988,562.989,1
3/28/14,565.2571,572.4251,564.6358,565.8381,2253524,565.8381,1
3/27/14,571.2431,571.7937,556.7202,562.8729,3818631,562.8729,1
3/26/14,586.9834,591.8126,571.5715,571.8089,2554077,571.8089,1
3/25/14,588.999,590.9387,579.4012,585.3215,2410125,585.3215,-1
3/24/14,598.1875,598.5462,578.8708,584.9224,3036542,584.9224,1
3/21/14,609.3613,611.0384,597.3086,597.6066,3207477,597.6066,0
3/20/14,606.1486,611.0283,603.83,604.7393,1684681,604.7393,-1
3/19/14,612.1346,612.2306,603.3501,605.795,1610833,605.795,1
3/18/14,603.4815,611.9982,602.6682,611.8618,1817951,611.8618,1
3/17/14,595.6921,604.6938,595.1163,602.1832,2160095,602.1832,-1
3/14/14,597.0762,601.5619,592.2975,592.4339,2293388,592.4339,-1
3/13/14,610.1898,611.4779,598.4755,600.6476,2339645,600.6476,-1
3/12/14,604.3554,610.1393,598.1875,609.8614,1964277,609.8614,-1
3/11/14,613.1297,613.4075,604.4766,606.1688,1712649,606.1688,1
3/10/14,614.0996,615.0821,608.24,612.0184,1214528,612.0184,-1
3/7/14,619.7118,619.8054,611.9517,613.645,1514730,613.645,1
3/6/14,617.4285,619.3809,615.5696,616.0798,1267959,616.0798,1
3/5/14,613.7763,617.8326,611.9356,615.3978,1235272,615.3978,1
3/4/14,613.7511,614.2562,610.9728,613.7056,1467631,613.7056,1
3/3/14,609.5836,610.1342,602.2034,607.5327,2104616,607.5327,-1
2/28/14,616.4485,618.3933,609.3159,614.0794,2313176,614.0794,-1
2/27/14,615.4635,618.4161,614.7669,615.8777,1259795,615.8777,-1
2/26/14,618.2974,620.7625,613.1247,616.3627,1982121,616.3627,-1
2/25/14,614.2259,618.5499,611.4392,616.2768,1438445,616.2768,1
2/24/14,608.8815,616.3576,608.7501,612.4932,1674113,612.4932,-1
2/21/14,610.1191,611.1597,607.606,608.0884,1862284,608.0884,1
2/20/14,607.76,609.6518,606.285,608.25,1700843,608.25,-1
2/19/14,608.8511,610.8313,604.912,607.3559,2103507,607.3559,-1
2/18/14,606.8861,612.6751,606.1739,611.6699,2108553,611.6699,1
2/14/14,603.9563,608.3915,602.5368,607.5883,2193285,607.5883,-1
2/13/14,596.4498,606.1234,595.8992,606.1234,1835894,606.1234,-1
2/12/14,600.6173,601.1224,596.7681,599.4504,1724490,599.4504,1
2/11/14,596.1569,602.0651,592.1359,601.2134,2050377,601.2134,0
2/10/14,591.9288,597.2833,590.5245,592.4996,1944075,592.4996,1
2/7/14,589.8223,595.0102,586.2515,594.7778,2685432,594.7778,1
2/6/14,581.4874,586.0489,579.679,585.9479,1945997,585.9479,-1
2/5/14,577.5726,581.3056,569.8136,577.4816,2394325,577.4816,1
2/4/14,574.8498,583.4424,574.3548,574.9357,2811838,574.9357,-1
2/3/14,595.6669,596.9408,571.8266,572.5464,4568875,572.5464,-1
1/31/14,591.7015,599.3746,581.4874,596.561,5565423,596.561,-1
1/30/14,578.3909,582.1744,569.4246,573.5385,5076247,573.5385,-1
1/29/14,565.3178,566.6463,555.3664,559.155,2364192,559.155,1
1/28/14,560.8725,568.6664,560.6805,567.2828,2208315,567.2828,-1
1/27/14,568.8437,569.0457,546.7032,556.2807,4352585,556.2807,-1
1/24/14,581.4268,582.7074,567.2777,567.697,3918938,567.697,-1
1/23/14,585.9681,587.2259,583.1241,586.0186,1948578,586.0186,-1
1/22/14,589.3071,589.9537,585.3922,588.5039,1571311,588.5039,1
1/21/14,586.4379,587.9887,581.5733,587.8371,1979510,587.8371,1
1/17/14,584.3769,586.2863,577.9868,581.1844,2700584,581.1844,-1
1/16/14,580.462,584.9219,579.9063,584.0586,1683876,584.0586,-1
1/15/14,582.427,583.4424,577.7797,580.2195,1949525,580.2195,1
1/14/14,574.8296,581.4218,569.8489,580.6135,2481611,580.6135,-1
1/13/14,569.0306,579.3557,564.3328,567.2676,2418270,567.2676,0
1/10/14,575.4005,575.4005,566.8989,570.9047,2141847,570.9047,1
1/9/14,577.6029,577.9969,568.5709,570.935,2084366,570.935,-1
1/8/14,578.8961,579.5628,572.4757,576.4865,2242287,576.4865,1
1/7/14,568.288,575.7086,566.3483,575.2881,2552245,575.2881,-1
1/6/14,562.2313,565.1864,558.9125,564.4085,1769288,564.4085,-1
1/3/14,563.2366,564.2115,558.1498,558.1851,1664846,558.1851,1
1/2/14,563.4689,564.6257,559.8319,562.2869,1821401,562.2869,0
12/31/13,561.8424,566.2674,558.8216,566.1209,1357839,566.1209,0
12/30/13,565.934,566.0149,560.2158,560.4381,1234872,560.4381,1
12/27/13,565.7623,565.9037,562.196,564.9541,1569747,564.9541,1
12/26/13,562.7365,565.2571,560.0491,564.4792,1337795,564.4792,1
12/24/13,563.2214,563.3578,559.7511,561.6403,734170,561.6403,1
12/23/13,559.6197,563.6406,558.2458,563.2871,1721503,563.2871,0
12/20/13,549.7492,556.2504,549.5977,555.9726,3261557,555.9726,1
12/19/13,545.9444,551.6132,545.0918,548.6985,1665669,548.6985,1
12/18/13,541.4396,548.057,534.9687,547.9559,2210252,547.9559,1
12/17/13,541.9296,545.9404,539.6867,540.4343,1535137,540.4343,1
12/16/13,537.4742,542.8742,536.4689,542.0104,1602009,542.0104,-1
12/13/13,543.2328,543.6824,534.3852,535.8527,2162168,535.8527,1
12/12/13,545.3393,547.0416,539.9999,540.4848,1595700,540.4848,-1
12/11/13,549.2946,551.2747,543.1166,544.1875,1706923,544.1875,-1
12/10/13,543.6117,551.7748,543.3591,547.9105,1853894,547.9105,-1
12/9/13,541.0051,546.7234,539.5049,544.6169,1482485,544.6169,1
12/6/13,540.399,540.505,535.494,540.4394,1428774,540.4394,1
12/5/13,534.0392,535.2818,530.9528,534.1099,1133663,534.1099,-1
12/4/13,531.0942,537.4641,530.4021,534.5342,1190968,534.5342,-1
12/3/13,530.882,537.1913,529.9071,532.0489,1676144,532.0489,1
12/2/13,537.2267,538.6613,530.7861,532.6652,1373206,532.6652,-1
11/29/13,536.5447,538.7977,535.1758,535.2465,1192773,535.2465,1
11/27/13,536.479,539.4948,535.4536,537.0246,1122631,537.0246,-1
11/26/13,529.6949,536.2113,526.8333,534.6504,2286072,534.6504,-1
11/25/13,523.9161,532.0136,522.8363,528.3462,1612058,528.3462,1
11/22/13,522.0268,523.416,519.9065,521.254,1254110,521.254,1
11/21/13,518.7838,524.497,518.2787,522.3552,1091805,522.3552,1
11/20/13,520.274,521.9965,515.4297,516.4147,963706,516.4147,-1
11/19/13,521.1681,522.6987,516.7885,517.8766,1128798,517.8766,-1
11/18/13,523.2038,529.7657,519.9165,521.0822,1759713,521.0822,-1
11/15/13,522.7593,524.3404,520.4563,522.0976,1276257,522.0976,1
11/14/13,522.2794,525.2244,520.476,522.9412,1166731,522.9412,1
11/13/13,508.5546,521.7389,508.4283,521.547,1578515,521.547,-1
11/12/13,509.0345,514.0152,507.6706,511.0955,1218087,511.0955,1
11/11/13,509.9488,513.1919,509.1861,510.4944,1112528,510.4944,1
11/8/13,509.5649,514.4901,509.4386,513.2424,1290800,513.2424,-1
11/7/13,516.5662,517.233,509.0042,509.1608,1679632,509.1608,-1
11/6/13,518.0766,518.7838,512.909,516.6369,914174,516.6369,1
11/5/13,515.4246,521.1327,513.9445,516.0156,1181373,516.0156,1
11/4/13,521.057,521.4964,516.2732,518.3322,1138656,518.3322,0
11/1/13,521.2035,523.3301,517.824,518.804,1283286,518.804,-1
10/31/13,519.7587,526.1205,517.2532,520.5922,1616405,520.5922,-1
10/30/13,524.0525,524.0929,518.2787,520.5114,1324081,520.5114,1
10/29/13,514.7932,523.805,511.9644,523.4514,1604995,523.4514,-1
10/28/13,512.8231,516.9804,511.7042,512.7221,1158320,512.7221,1
10/25/13,519.7032,519.7032,510.5702,512.8231,2030479,512.8231,-1
10/24/13,521.2439,525.6386,517.6725,518.0514,2092054,518.0514,1
10/23/13,505.65,522.6986,505.4631,521.01,2663226,521.01,-1
10/22/13,507.6706,511.7118,503.0187,508.6809,2208639,508.6809,1
10/21/13,510.9339,514.7427,504.9176,506.8119,3628191,506.8119,1
10/18/13,493.3144,512.9545,492.0111,510.9076,11563920,510.9076,-1
10/17/13,451.0893,453.0645,447.422,448.9698,4163147,448.9698,1
10/16/13,447.4927,453.7868,446.5531,453.6348,2004867,453.6348,1
10/15/13,442.3857,447.3715,441.4966,445.5429,1591887,445.5429,1
10/14/13,437.7889,442.6332,437.1473,442.5625,1243573,442.5625,0
10/11/13,437.4706,441.234,437.1019,440.4813,1407096,440.4813,1
10/10/13,436.3644,438.885,434.5307,438.587,2255255,438.587,1
10/9/13,432.5455,435.7632,425.827,432.3333,2651123,432.3333,1
10/8/13,437.112,437.4454,430.1966,431.227,1943503,431.227,1
10/7/13,438.1879,441.4916,436.5008,437.3241,1293591,437.3241,-1
10/4/13,442.0018,443.2697,439.4761,440.6632,1358005,440.6632,-1
10/3/13,448.5687,451.6501,440.5369,442.5524,2117005,442.5524,-1
10/2/13,445.9066,449.2531,443.4263,448.5636,1495334,448.5636,-1
10/1/13,444.6538,448.402,444.5528,448.0655,1682984,448.0655,1
9/30/13,439.0113,444.9518,438.6224,442.4615,1720996,442.4615,-1
9/27/13,441.9109,443.2748,440.1378,442.7039,1258822,442.7039,-1
9/26/13,443.6688,445.9167,442.0018,443.6031,1259907,443.6031,1
9/25/13,447.8362,447.8362,442.3049,443.1283,1649029,443.1283,-1
9/24/13,447.811,449.6295,445.2347,447.9827,1466985,447.9827,-1
9/23/13,452.6856,455.4336,447.1543,447.811,1777442,447.811,0
9/20/13,453.8171,456.7167,452.4179,456.2014,4343880,456.2014,-1
9/19/13,457.6562,457.6562,452.3067,453.8171,1596560,453.8171,1
9/18/13,447.7352,456.6358,446.0784,456.3075,1934434,456.3075,1
9/17/13,448.2706,448.7682,445.0327,447.6139,1259422,447.6139,-1
9/16/13,452.7109,453.115,446.9876,448.4474,1341111,448.4474,0
9/13/13,451.8521,452.4482,446.9724,449.1082,1325286,449.1082,1
9/12/13,453.317,453.5696,449.584,451.1267,1095465,451.1267,-1
9/11/13,448.8414,453.0998,447.5988,452.7058,1610577,452.7058,1
9/10/13,449.5891,450.5893,446.5481,448.9071,1287636,448.9071,1
9/9/13,446.4117,449.4527,445.75,448.5959,1222504,448.5959,1
9/6/13,445.7601,446.437,441.3653,444.3154,1561560,444.3154,-1
9/5/13,441.2441,444.4669,440.2893,444.3052,1291335,444.3052,1
9/4/13,434.6014,441.2441,431.9848,440.3015,2040633,440.3015,1
9/3/13,431.5756,437.5515,431.3685,434.6166,2047636,434.6166,1
8/30/13,432.2828,433.4345,427.1303,427.8072,1862207,427.8072,-1
8/29/13,428.9034,434.6166,428.6609,432.1161,1370908,432.1161,1
8/28/13,429.4995,432.106,428.2467,428.6407,1329908,428.6407,-1
8/27/13,434.2327,436.3088,428.3124,429.4489,1731654,429.4489,-1
8/26/13,439.4761,441.9513,437.4807,437.6525,1056184,437.6525,-1
8/23/13,443.4313,443.5172,439.3498,439.5821,1076493,439.5821,1
8/22/13,440.84,441.8755,439.6023,441.3502,869911,441.3502,-1
8/21/13,439.8044,442.9661,437.7081,439.1376,1757333,439.1376,1
8/20/13,438.6426,440.5419,436.2128,437.1625,1236259,437.1625,-1
8/19/13,433.2678,440.4864,433.1365,437.2787,1810825,437.2787,1
8/16/13,435.0712,435.6572,432.6768,432.8627,1675087,432.8627,-1
8/15/13,436.6675,436.9099,433.4143,434.2529,1869174,434.2529,-1
8/14/13,443.7041,444.6437,438.0415,439.3801,2082097,439.3801,1
8/13/13,447.9777,448.8212,442.608,445.1589,1419756,445.1589,1
8/12/13,448.013,448.0635,445.361,447.3109,1377034,447.3109,-1
8/9/13,449.8618,452.3674,449.579,449.7861,1323661,449.7861,1
8/8/13,452.3522,452.529,447.2023,450.9226,1487625,450.9226,-1
8/7/13,452.1249,453.8474,449.1193,449.9073,1379208,449.9073,-1
8/6/13,456.9995,459.5349,452.4734,452.8978,1504606,452.8978,1
8/5/13,457.3531,457.4213,454.2263,457.1561,1309721,457.1561,-1
8/2/13,456.3681,458.1664,455.0446,457.9492,1713765,457.9492,1
8/1/13,452.1047,456.9288,452.1047,456.7621,2133480,456.7621,1
7/31/13,451.0893,452.8669,447.6493,448.4424,2072892,448.4424,-1
7/30/13,447.2856,452.4128,444.967,450.0437,1755610,450.0437,1
7/29/13,447.0027,452.0138,444.9771,445.6742,1891862,445.6742,-1
7/26/13,448.0585,449.5739,445.5378,447.23,1777562,447.23,-1
7/25/13,451.5339,453.0392,447.5988,448.4171,3000533,448.4171,-1
7/24/13,458.2978,459.8334,454.984,456.0953,2063078,456.0953,-1
7/23/13,460.0355,461.1973,454.4132,456.55,2045127,456.55,1
7/22/13,455.6407,461.0306,453.115,460.0355,2902800,460.0355,1
7/19/13,447.8665,456.1206,442.3099,452.9119,7358055,452.9119,-1
7/18/13,464.2231,464.7333,456.2418,460.0254,3579481,460.0254,1
7/17/13,465.2385,468.1986,462.8643,464.0008,1505868,464.0008,1
7/16/13,468.335,468.7593,461.6519,464.5353,1982952,464.5353,1
7/15/13,466.9054,468.7745,462.8946,467.1024,1958669,467.1024,0
7/12/13,464.7333,466.2487,462.3288,466.2487,2567441,466.2487,1
7/11/13,461.1973,465.1425,458.9342,464.8545,2583821,464.8545,1
7/10/13,456.3732,460.2552,454.8224,457.6562,1706796,457.6562,-1
7/9/13,460.187,461.172,453.61,457.2774,1961588,457.2774,1
7/8/13,454.2313,457.7977,453.1574,457.2016,1969450,457.2016,-1
7/5/13,449.584,452.3118,448.2353,451.3419,1701830,451.3419,1
7/3/13,444.477,449.1597,443.7698,447.7756,1048628,447.7756,-1
7/2/13,449.68,450.0841,443.1485,445.6944,1891448,445.6944,1
7/1/13,447.7857,450.6297,447.0532,448.5081,1722652,448.5081,1
6/28/13,441.9513,445.457,441.5931,444.7144,2348727,444.7144,1
6/27/13,443.9213,446.8966,442.8353,443.0474,1926354,443.0474,1
6/26/13,441.3704,443.5172,439.764,441.3198,1831328,441.3198,-1
6/25/13,443.1434,444.3659,436.7028,437.5565,2552561,437.5565,-1
6/24/13,440.4257,442.6686,436.0663,439.37,3016272,439.37,-1
6/21/13,448.7404,449.5183,441.0269,444.9973,3981576,444.9973,1
6/20/13,451.5945,455.1356,446.1995,446.9219,3371895,446.9219,-1
6/19/13,455.3225,460.1062,453.3675,454.9739,2915792,454.9739,1
6/18/13,448.897,455.1356,448.7455,454.9436,2151510,454.9436,-1
6/17/13,444.1386,449.291,443.6587,447.6847,2145138,447.6847,1
6/14/13,444.578,446.9017,441.5623,442.022,2244971,442.022,1
6/13/13,438.9608,444.3558,437.2029,443.0121,2069414,443.0121,-1
6/12/13,447.2856,447.5584,439.2993,440.4762,2204549,440.4762,-1
6/11/13,446.5329,448.0635,444.285,444.4315,1757482,444.4315,-1
6/10/13,445.5883,450.0841,444.573,449.6901,2337753,449.6901,1
6/7/13,439.6882,444.5275,437.112,444.3911,2673069,444.3911,-1
6/6/13,436.5967,437.6222,427.9689,436.7685,2578905,436.7685,-1
6/5/13,435.6925,439.1982,432.9748,434.2731,2106491,434.2731,-1
6/4/13,438.39,439.7741,431.4291,433.97,1867345,433.97,1
6/3/13,440.9915,441.4814,431.909,438.2789,2475396,438.2789,-1
5/31/13,438.5264,443.0121,438.2233,440.0913,1969357,440.0913,1
5/30/13,439.4357,443.9719,437.6626,439.86,2120587,439.86,-1
5/29/13,442.3604,443.5122,436.5917,438.6224,2012380,438.6224,1
5/28/13,446.2955,450.66,444.7296,445.169,2257410,445.169,-1
5/24/13,442.1331,443.9314,439.9863,441.1531,2296360,441.1531,1
5/23/13,443.0121,449.5588,441.4966,445.9369,2274946,445.9369,-1
5/22/13,455.9236,459.3333,448.0029,449.286,2557609,449.286,1
5/21/13,458.6817,460.5204,453.4231,458.1513,1982685,458.1513,1
5/20/13,457.1561,465.0364,457.1561,458.9393,2272695,458.9393,1
5/17/13,459.692,461.4443,454.8931,459.2676,2791803,459.2676,1
5/16/13,464.2282,464.7232,455.6458,456.5853,3203974,456.5853,-1
5/15/13,452.3573,462.9047,451.6096,462.6572,3984994,462.6572,1
5/14/13,443.2646,448.9172,443.0828,448.114,1576836,448.114,-1
5/13/13,443.9668,445.7752,441.184,443.2798,1448030,443.2798,1
5/10/13,442.1584,444.8003,440.5672,444.6437,1897154,444.6437,1
5/9/13,439.9004,444.3558,438.582,440.2237,2199550,440.2237,-1
5/8/13,432.9092,441.436,430.8431,441.3097,2466446,441.3097,1
5/7/13,435.9451,436.3795,429.7116,433.0254,1958986,433.0254,1
5/6/13,428.4942,435.3591,428.4942,435.2076,2140979,435.2076,0
5/3/13,422.7861,427.7567,422.3011,427.2111,2511142,427.2111,0
5/2/13,414.2693,421.5687,413.7389,419.0733,2016664,419.0733,-1
5/1/13,415.8656,416.6031,412.3801,414.436,1454134,414.436,-1
4/30/13,413.7137,418.0781,413.0469,416.5273,2306166,416.5273,-1
4/29/13,405.7576,415.5827,405.6314,413.744,2300254,413.744,0
4/26/13,407.955,408.0257,402.3883,404.8332,2487637,404.8332,-1
4/25/13,412.3245,412.4357,407.9702,408.7127,1990183,408.7127,1
4/24/13,408.2126,413.2085,408.1571,410.9121,1829051,410.9121,1
4/23/13,404.6211,411.9457,404.2978,408.1066,2292052,408.1066,-1
4/22/13,404.419,406.1153,391.4873,404.1735,2883007,404.1735,1
4/19/13,388.5373,405.8536,387.0723,404.0503,5802611,404.0503,1
4/18/13,396.7155,396.9429,384.5467,386.8976,3285226,386.8976,-1
4/17/13,397.4228,399.4913,393.0532,395.3062,2036508,395.3062,1
4/16/13,397.3419,402.0953,395.9932,400.7668,1741556,400.7668,-1
4/15/13,397.0186,402.6005,392.5077,394.988,2452511,394.988,-1
4/12/13,400.0697,400.1263,395.4931,399.0897,1636329,399.0897,-1
4/11/13,400.5193,400.6304,396.0639,399.2615,2028666,399.2615,1
4/10/13,395.488,400.2516,391.9924,399.1554,1978662,399.1554,1
4/9/13,391.7399,395.9073,390.5326,392.8259,2157238,392.8259,-1
4/8/13,393.3816,393.7857,388.1533,391.4115,2831918,391.4115,1
4/5/13,397.0742,397.544,392.1945,395.5537,3433494,395.5537,1
4/4/13,406.2628,407.0205,399.7212,401.6256,2447102,401.6256,1
4/3/13,410.9152,411.289,404.4534,407.2488,1738253,407.2488,1
4/2/13,406.4093,411.6072,406.1365,410.703,2041175,410.703,-1
4/1/13,401.5952,405.2525,400.7062,404.717,1806580,404.717,-1
3/28/13,406.1314,406.8285,400.7314,401.18,2286612,401.18,-1
3/27/13,407.4903,407.6519,404.7878,405.4596,2163095,405.4596,1
3/26/13,410.9354,411.1879,408.051,410.3898,1191420,410.3898,-1
3/25/13,410.3848,413.8299,407.561,408.9855,1706904,408.9855,1
3/22/13,411.5618,411.8143,408.9855,409.324,1487868,409.324,-1
3/21/13,409.819,412.6616,409.0916,409.8039,1466416,409.8039,1
3/20/13,412.6175,412.961,409.8948,411.5456,1463422,411.5456,0
3/19/13,409.7937,413.84,407.3741,409.8342,2097435,409.8342,1
3/18/13,406.6416,410.5616,404.8585,408.051,1837742,408.051,-1
3/15/13,413.4611,414.3704,410.8546,411.3405,3096363,411.3405,1
3/14/13,417.7498,417.7498,412.9004,414.9967,1650811,414.9967,1
3/13/13,418.2095,419.6188,415.3857,416.9011,1641213,416.9011,-1
3/12/13,419.6289,420.225,416.0727,418.063,1994079,418.063,-1
3/11/13,420.124,424.1702,420.028,421.7051,1594652,421.7051,1
3/8/13,421.5434,421.7555,416.7698,420.0381,2911833,420.0381,1
3/7/13,421.3212,422.6143,419.0581,420.5816,2052201,420.5816,1
3/6/13,424.8395,426.3423,418.6691,419.9674,2872395,419.9674,1
3/5/13,418.7298,424.3974,418.7146,423.6165,4043572,423.6165,1
3/4/13,406.7932,415.6534,406.6416,414.9786,2765170,414.9786,1
3/1/13,403.0046,407.7227,402.1711,407.2428,2175125,407.2428,1
2/28/13,404.6716,407.6469,404.6362,404.7221,2264972,404.7221,1
2/27/13,401.4892,406.5154,399.6252,404.0048,2025716,404.0048,-1
2/26/13,401.5902,402.07,396.2357,399.1301,2202194,399.1301,-1
2/25/13,405.2778,408.3642,399.312,399.4534,2303464,399.4534,1
2/22/13,403.7421,404.7474,400.984,403.9694,2053709,403.9694,1
2/21/13,403.1056,406.869,399.6807,401.8579,3504108,401.8579,-1
2/20/13,406.7932,408.6471,399.9707,400.3071,2763911,400.3071,1
2/19/13,402.0903,407.6519,401.7316,407.5762,2930859,407.5762,1
2/15/13,397.7511,400.7112,397.5844,400.5243,2729417,400.5243,-1
2/14/13,393.8766,398.428,392.8865,397.9633,1735119,397.9633,1
2/13/13,394.0787,396.7155,393.9979,395.4577,1197970,395.4577,-1
2/12/13,394.897,398.0037,393.6948,394.3666,1858945,394.3666,1
2/11/13,393.2048,395.5285,390.8559,395.2355,2166856,395.2355,0
2/8/13,394.0787,397.3823,393.7908,396.7257,3017515,396.7257,-1
2/7/13,388.81,393.4118,386.6884,390.9569,2839906,390.9569,-1
2/6/13,383.4403,390.4568,383.1524,389.0474,2073310,389.0474,1
2/5/13,384.4809,389.5223,383.6399,386.8097,1870516,386.8097,-1
2/4/13,387.7947,389.201,383.0362,383.4151,3039252,383.4151,1
2/1/13,383.0009,392.2955,382.9503,391.7904,3740977,391.7904,1
1/31/13,379.1163,382.7079,378.985,381.7329,1632827,381.7329,1
1/30/13,380.7479,384.39,380.3286,380.7934,1732972,380.7934,1
1/29/13,377.217,382.3694,377.1109,380.7176,1745448,380.7176,1
1/28/13,379.7477,381.6875,377.7928,379.2274,1626733,379.2274,-1
1/25/13,379.2476,383.1423,378.985,380.7126,2225604,380.7126,1
1/24/13,374.4336,382.3087,374.0643,380.7934,3381676,380.7934,1
1/23/13,371.7816,378.3535,371.6806,374.5649,5894240,374.5649,-1
1/22/13,355.9554,356.2964,351.3384,355.0512,3746912,355.0512,-1
1/18/13,358.8347,360.0521,354.2733,355.8796,3225898,355.8796,1
1/17/13,362.5475,363.522,359.1681,359.3197,2209894,359.3197,1
1/16/13,364.9167,365.8967,360.5068,361.2746,2023007,361.2746,-1
1/15/13,363.3659,371.2815,359.7137,366.1947,3927265,366.1947,1
1/14/13,372.2918,374.9185,364.8914,365.346,2863106,365.346,0
1/11/13,374.8175,375.0329,371.9382,373.8022,1285125,373.8022,1
1/10/13,375.2368,376.333,370.5238,374.5548,1835680,374.5548,1
1/9/13,369.9025,372.9737,368.0486,372.8565,2023414,372.8565,1
1/8/13,371.5543,371.9381,365.9421,370.4228,1675767,370.4228,-1
1/7/13,371.5088,373.494,369.0488,371.1552,1655567,371.1552,-1
1/4/13,368.4224,374.5498,367.5839,372.7818,2763352,372.7818,1
1/3/13,366.1947,369.7307,364.068,365.5582,2318140,365.5582,1
1/2/13,363.4113,367.2403,361.9616,365.346,2541125,365.346,0
12/31/12,353.6014,358.9408,351.5809,357.3294,1997204,357.3294,0
12/28/12,354.4551,357.092,353.6065,353.6065,1400727,353.6065,1
12/27/12,357.2082,358.0669,352.8993,356.7788,1647392,356.7788,1
12/26/12,357.6779,360.1077,354.8188,358.0821,1182317,358.0821,1
12/24/12,360.9311,361.2695,357.3749,358.4003,841931,358.4003,0
12/21/12,360.6583,363.1078,358.9156,361.4968,3525039,361.4968,-1
12/20/12,365.3511,366.0533,362.1745,364.8965,1656953,364.8965,-1
12/19/12,364.063,365.2198,362.0272,363.7599,1918493,363.7599,1
12/18/12,361.9868,368.3011,361.2039,364.2448,3004838,364.2448,1
12/17/12,356.3797,372.9384,355.6321,364.0983,3034558,364.0983,1
12/14/12,353.1822,357.5517,352.8084,354.5931,2129893,354.5931,-1
12/13/12,361.6433,361.9237,353.3741,354.9653,3443866,354.9653,1
12/12/12,353.2125,355.3745,350.3079,352.3689,2425774,352.3689,1
12/11/12,348.55,354.5713,347.3983,352.0254,2687108,352.0254,-1
12/10/12,346.2213,349.3835,345.413,346.2364,1366366,346.2364,1
12/7/12,351.0757,352.0254,344.7205,345.6252,1918392,345.6252,-1
12/6/12,347.3326,351.3838,345.7767,349.1208,1462216,349.1208,1
12/5/12,349.636,350.8231,344.6756,347.4488,1860794,347.4488,1
12/4/12,351.0757,351.3333,346.3779,349.0703,1991355,349.0703,-1
12/3/12,354.733,356.5767,350.6266,351.202,2192348,351.202,1
11/30/12,349.2117,353.2074,346.3728,352.778,3162630,352.778,1
11/29/12,347.4286,350.52,344.5088,349.5047,2775139,349.5047,1
11/28/12,337.4418,345.9788,335.3606,345.3524,3041840,345.3524,-1
11/27/12,333.4815,340.9728,332.3853,338.8057,2508178,338.8057,1
11/26/12,336.6488,336.9316,332.9006,333.9766,2202401,333.9766,1
11/23/12,338.4319,338.4471,336.477,337.4216,922477,337.4216,0
11/21/12,337.9369,338.3461,333.5977,336.3608,2111456,336.3608,1
11/20/12,338.1996,342.4882,335.7041,338.4319,2087785,338.4319,-1
11/19/12,331.2235,337.9015,331.1376,337.5429,2368104,337.5429,1
11/16/12,326.3186,329.8672,321.2722,326.9197,3437836,326.9197,1
11/15/12,328.3442,333.3956,325.2608,326.9601,1848663,326.9601,1
11/14/12,333.729,334.4968,328.5968,329.6323,1667792,329.6323,1
11/13/12,334.9111,337.2347,332.5015,332.9174,1593945,332.9174,-1
11/12/12,335.2899,338.3461,333.8351,336.376,1405870,336.376,-1
11/9/12,330.6931,337.6085,328.4957,334.9262,3114084,334.9262,-1
11/8/12,338.5481,339.1997,328.9655,329.501,2596940,329.501,-1
11/7/12,340.9728,342.6054,336.674,336.9923,2231507,336.9923,-1
11/6/12,346.2667,346.782,342.2609,344.3674,1582791,344.3674,-1
11/5/12,345.7717,346.9638,341.2557,344.9938,1635894,344.9938,-1
11/2/12,350.9696,351.3535,347.2214,347.4983,2324369,347.4983,1
11/1/12,343.246,349.0046,342.8519,347.3326,2048771,347.3326,1
10/31/12,343.4278,344.0037,340.9728,343.6489,1536501,343.6489,-1
10/26/12,341.7305,345.0291,339.0533,341.0486,1950865,341.0486,-1
10/25/12,343.4985,344.5088,340.2201,342.367,2399090,342.367,1
10/24/12,346.9335,347.0345,341.1092,342.1358,2494311,342.1358,-1
10/23/12,339.4624,347.2012,339.4574,343.6753,2915611,343.6753,1
10/22/12,344.0087,345.8374,338.2955,342.8267,4055372,342.8267,1
10/19/12,356.4201,356.9859,339.4574,344.4027,11479490,344.4027,1
10/18/12,381.6572,383.6197,341.478,351.0757,12407870,351.0757,1
10/17/12,375.8025,382.0613,373.9386,381.6319,2292519,381.6319,1
10/16/12,373.8729,377.3382,372.0191,376.1814,2058068,376.1814,1
10/15/12,374.7872,375.7419,369.1099,374.3023,3017878,374.3023,1
10/12/12,379.7932,381.3187,375.8783,376.2067,2403670,376.2067,-1
10/11/12,380.3236,383.1524,379.0052,379.6063,2383687,379.6063,-1
10/10/12,374.7468,377.61,372.9434,376.1107,2039703,376.1107,-1
10/9/12,383.7434,384.5764,375.0852,375.8733,3002784,375.8733,-1
10/8/12,384.4153,385.7185,380.955,382.819,1957226,382.819,0
10/5/12,389.3202,391.1741,386.4384,387.7745,2735841,387.7745,1
10/4/12,385.2993,388.906,383.607,387.9765,2452198,387.9765,1
10/3/12,381.7481,385.8903,379.97,385.173,2208139,385.173,-1
10/2/12,386.5369,386.9359,378.9951,382.3896,2768926,382.3896,-1
10/1/12,383.4302,386.4358,381.9956,384.8093,3167487,384.8093,-1
9/28/12,380.955,383.5565,379.4396,381.1318,2783390,381.1318,-1
9/27/12,383.8849,385.3447,379.6922,382.1421,3920387,382.1421,1
9/26/12,378.7829,384.5365,374.3124,380.6065,5672350,380.6065,-1
9/25/12,380.3994,386.3803,377.6766,378.4344,6048362,378.4344,1
9/24/12,369.2609,378.8789,368.8821,378.5455,3560175,378.5455,-1
9/21/12,369.8721,371.2411,368.8164,370.7713,6356170,370.7713,1
9/20/12,365.9623,369.4529,364.3206,367.8044,2906562,367.8044,-1
9/19/12,362.4415,368.0284,361.8909,367.4929,3097447,367.4929,1
9/18/12,357.5315,363.0274,357.0263,362.8355,2066329,362.8355,-1
9/17/12,357.6982,360.1077,356.1272,358.6428,1507518,358.6428,0
9/14/12,358.4508,360.1683,357.1425,358.4912,2618474,358.4912,1
9/13/12,350.1109,358.1477,348.8228,356.6525,2657503,356.6525,1
9/12/12,348.2519,351.0297,343.9431,348.9945,2641060,348.9945,1
9/11/12,352.5709,353.9298,349.0551,349.6562,1869256,349.6562,-1
9/10/12,358.5316,360.0723,352.7881,353.9904,2559567,353.9904,-1
9/7/12,353.6014,359.7895,352.4244,356.7081,3231250,356.7081,1
9/6/12,346.5092,353.5459,345.888,353.2983,3042880,353.2983,1
9/5/12,343.4985,346.782,343.0641,343.8622,1708169,343.8622,-1
9/4/12,345.7969,346.0243,340.2151,344.0239,1889318,344.0239,-1
8/31/12,345.5191,347.8327,343.5187,346.0697,2125576,346.0697,-1
8/30/12,345.6403,347.2316,343.5895,344.3472,1626719,344.3472,-1
8/29/12,342.17,348.0398,341.5537,347.5447,2988737,347.5447,1
8/28/12,335.9214,342.2963,335.79,342.1094,2057213,342.1094,-1
8/27/12,334.906,339.4574,333.0117,338.0531,2613607,338.0531,1
8/24/12,341.2759,343.7258,340.5081,342.8065,1426194,342.8065,-1
8/23/12,340.6041,343.741,338.9522,341.8821,1783743,341.8821,1
8/22/12,337.1236,343.8016,336.7791,342.074,1908504,342.074,-1
8/21/12,340.0181,342.4882,334.4908,338.1996,2221205,338.1996,-1
8/20/12,341.2254,342.9277,339.7908,341.2456,1756206,341.2456,1
8/17/12,340.5283,342.1094,339.3058,342.0538,2177596,342.0538,1
8/16/12,337.1893,340.791,336.9721,339.8968,1717691,339.8968,1
8/15/12,338.5885,340.5939,335.4667,337.2044,2410680,337.2044,-1
8/14/12,333.0168,339.8867,332.8905,337.7702,3660483,337.7702,1
8/13/12,327.0409,333.4714,326.6671,333.4007,3267551,333.4007,-1
8/10/12,322.5805,324.4243,321.3378,324.303,1434408,324.303,-1
8/9/12,325.5709,326.5105,324.0607,324.4798,1057880,324.4798,1
8/8/12,322.8128,326.2579,322.535,324.4192,1320536,324.4192,1
8/7/12,324.1969,325.4447,321.5096,323.5655,1981795,323.5655,1
8/6/12,323.0957,328.031,322.8987,324.7172,1782094,324.7172,1
8/3/12,323.2927,325.1719,321.3429,323.9646,1896878,323.9646,-1
8/2/12,315.9732,322.2976,314.9124,317.6099,1977690,317.6099,1
8/1/12,321.9288,323.0444,318.9384,319.5951,1844456,319.5951,-1
7/31/12,317.3623,321.5247,317.3421,319.7416,1863427,319.7416,1
7/30/12,321.2974,324.6061,317.9887,319.4031,2186607,319.4031,1
7/27/12,312.6291,320.767,311.927,320.7468,3548453,320.7468,1
7/26/12,310.6641,311.6087,308.1535,309.8357,1684905,309.8357,1
7/25/12,307.2897,309.8458,305.7996,307.123,1822973,307.123,-1
7/24/12,310.6641,312.1442,305.2793,306.9109,2006206,306.9109,-1
7/23/12,303.3294,312.3563,302.2029,310.9217,3549758,310.9217,-1
7/20/12,307.512,309.6235,302.1676,308.5526,6463308,308.5526,-1
7/19/12,296.0856,302.3191,296.0149,299.5812,4623294,299.5812,1
7/18/12,291.4585,294.848,291.0291,293.368,1547154,293.368,-1
7/17/12,292.191,293.3225,287.1244,291.3322,1679742,291.3322,1
7/16/12,291.1504,292.5749,288.8322,290.4179,1462261,290.4179,0
7/13/12,289.0187,292.5538,287.2001,291.2261,1975080,291.2261,1
7/12/12,286.4778,288.9075,283.9369,288.1751,2309397,288.1751,-1
7/11/12,291.115,291.898,285.3766,288.5337,3499011,288.5337,-1
7/10/12,298.1315,299.263,292.3476,293.8428,1923015,293.8428,-1
7/9/12,295.4845,297.3283,293.6155,296.02,1714741,296.02,-1
7/6/12,299.2731,299.8136,294.4086,296.0048,2160718,296.0048,-1
7/5/12,297.4091,303.1172,297.298,301.0259,2345901,301.0259,1
7/3/12,292.9891,297.2323,291.9738,296.9393,1190525,296.9393,1
7/2/12,293.9034,294.4994,291.216,293.2215,1655242,293.2215,-1
6/29/12,290.4381,293.0497,289.0439,293.0194,2518306,293.0194,1
6/28/12,285.8615,286.0282,281.4718,285.0583,1920770,285.0583,1
6/27/12,286.7708,289.9471,285.9221,287.579,1691146,287.579,1
6/26/12,284.2753,286.2151,282.6185,285.2452,1350151,285.2452,-1
6/25/12,286.5839,286.969,281.5425,283.2347,1581536,283.2347,-1
6/22/12,286.9223,288.6802,285.8211,288.6802,2202179,288.6802,-1
6/21/12,292.9032,292.9032,284.7653,285.5129,2010772,285.5129,1
6/20/12,292.8881,292.984,289.7057,291.7262,2346698,291.7262,1
6/19/12,289.7461,295.1461,289.5087,293.7569,2075909,293.7569,-1
6/18/12,284.2046,290.0593,282.5023,288.362,2496289,288.362,1
6/15/12,283.0529,285.1644,281.4112,285.1593,2998982,285.1593,1
6/14/12,283.5378,285.4422,281.1233,282.4013,2341405,282.4013,-1
6/13/12,283.75,286.4172,282.2144,283.4318,1952307,283.4318,1
6/12/12,287.8164,288.0841,282.1638,285.4574,3222462,285.4574,-1
6/11/12,295.1107,295.6702,286.2606,287.1749,2660163,287.1749,1
6/8/12,290.8877,293.4892,290.2462,293.2114,1410166,293.2114,-1
6/7/12,296.8231,296.9696,291.5949,292.0899,1757697,292.0899,1
6/6/12,291.2059,293.9792,289.7562,293.272,2095103,293.272,1
6/5/12,290.6856,292.0394,286.1494,288.1397,2339736,288.1397,1
6/4/12,288.0437,293.2316,287.9376,292.2718,2432436,292.2718,-1
6/1/12,288.8368,289.2712,287.0991,288.4276,3057843,288.4276,-1
5/31/12,297.3889,298.0355,292.4789,293.4185,2966317,293.4185,-1
5/30/12,297.106,298.9953,294.7672,297.1414,1906529,297.1414,-1
5/29/12,300.9704,302.6475,297.1868,300.2278,2604043,300.2278,1
5/25/12,303.5921,303.9608,297.1666,298.8084,3581521,298.8084,1
5/24/12,307.7141,309.1083,302.5151,304.9358,1890980,304.9358,1
5/23/12,303.9204,307.9363,301.6321,307.8656,3170890,307.8656,-1
5/22/12,309.8761,310.063,301.0664,303.4911,3049291,303.4911,1
5/21/12,303.3446,311.0147,303.0869,310.2145,3075229,310.2145,1
5/18/12,315.7661,319.4637,301.42,303.289,5970679,303.289,-1
5/17/12,320.176,322.2067,313.8112,314.7305,3353391,314.7305,1
5/16/12,312.1593,318.2918,311.1389,317.7008,4834783,317.7008,-1
5/15/12,305.7895,310.6641,304.9812,308.6991,2102039,308.6991,-1
5/14/12,303.481,307.3807,303.3799,305.1075,1821175,305.1075,1
5/11/12,308.3152,310.4368,305.4965,305.7288,2098640,305.7288,-1
5/10/12,309.6336,311.2652,308.2546,309.9872,1533977,309.9872,-1
5/9/12,306.532,311.3612,304.0013,307.709,2328424,307.709,-1
5/8/12,305.8804,311.6239,303.4405,309.5477,2675712,309.5477,1
5/7/12,300.5612,308.4263,300.5612,306.9008,1994142,306.9008,-1
5/4/12,306.0774,307.0718,301.4755,301.5564,2207360,301.5564,0
5/3/12,307.9464,310.5782,307.608,308.6536,1866837,308.6536,0
5/2/12,303.6931,307.1837,303.3951,306.7543,1611434,306.7543,1
5/1/12,305.0014,308.9466,303.1829,305.3247,2002121,305.3247,-1
4/30/12,309.6488,311.2107,303.3951,305.5369,2405297,305.5369,0
4/27/12,310.6742,311.5431,308.4415,310.654,1634699,310.654,-1
4/26/12,308.5981,312.1795,307.9868,310.9015,2091974,310.9015,1
4/25/12,305.1075,308.8203,304.5418,307.9969,1819854,307.9969,1
4/24/12,302.1979,306.4361,301.7332,303.7285,1928987,303.7285,-1
4/23/12,299.5004,302.304,298.1365,301.8746,2197498,301.8746,-1
4/20/12,305.2338,307.5575,300.9805,301.0967,3056571,301.0967,-1
4/19/12,305.9612,311.3006,302.5818,302.7333,3294552,302.7333,-1
4/18/12,307.1534,309.5528,304.5064,306.8503,2668230,306.8503,1
4/17/12,307.411,312.023,306.628,307.9212,3012223,307.9212,-1
4/16/12,314.7053,315.1144,303.9255,306.1532,5691152,306.1532,-1
4/13/12,327.1066,327.834,314.9781,315.5135,8157100,315.5135,1
4/12/12,324.4798,329.9303,323.4241,328.8544,5700940,328.8544,1
4/11/12,320.2467,321.2722,318.898,321.252,2198348,321.252,-1
4/10/12,320.0194,320.5144,315.4882,316.6551,2476956,316.6551,-1
4/9/12,317.4735,320.9337,315.8621,318.6656,2179489,318.6656,-1
4/5/12,319.3728,321.4894,317.5189,319.4132,2317058,319.4132,-1
4/4/12,322.5098,322.7876,318.7969,320.8428,1627027,320.8428,-1
4/3/12,326.0256,327.3086,322.6057,324.6162,2044362,324.6162,-1
4/2/12,323.6817,327.0813,320.6862,326.7883,2283920,326.7883,1
3/30/12,329.2282,330.1071,323.7979,323.9191,2310635,323.9191,-1
3/29/12,330.0819,331.6731,325.4649,327.541,1923766,327.541,-1
3/28/12,329.3696,332.6829,328.8897,331.2538,2538443,331.2538,-1
3/27/12,326.8439,330.1122,325.7174,326.8389,2005747,326.8389,1
3/26/12,325.8185,328.0866,323.0604,328.0057,1819122,328.0057,1
3/23/12,326.6267,327.5865,323.7474,324.6011,1940190,324.6011,-1
3/22/12,322.535,327.738,318.7464,326.3489,2409720,326.3489,1
3/21/12,320.57,327.0258,319.5092,323.2826,2469437,323.2826,-1
3/20/12,318.706,321.3025,316.8622,320.0042,1540452,320.0042,0
3/19/12,314.7659,321.9137,313.8167,320.2518,2172691,320.2518,1
3/16/12,313.6394,316.1742,313.2151,315.7358,3050086,315.7358,1
3/15/12,311.4723,314.9578,310.5782,313.7607,2435040,313.7607,1
3/14/12,310.6641,314.5941,309.8862,311.1642,2936757,311.1642,1
3/13/12,307.507,312.1038,305.8915,312.0684,2243161,312.0684,1
3/12/12,303.0869,306.623,302.7131,305.6884,1668826,305.6884,-1
3/9/12,307.1028,309.0982,303.0869,303.2132,2670511,303.2132,1
3/8/12,308.1586,308.8961,306.2946,306.6937,1345228,306.6937,1
3/7/12,307.6585,308.7384,306.0471,306.5219,1264177,306.5219,-1
3/6/12,307.1534,307.5373,299.9752,305.5925,3174216,305.5925,-1
3/5/12,313.4071,314.4476,308.8355,310.2853,1593150,310.2853,-1
3/2/12,314.2001,315.2104,313.3515,313.8213,1573214,313.8213,1
3/1/12,314.3315,316.0692,312.2553,314.4022,2236470,314.4022,-1
2/29/12,312.4826,316.0186,310.9167,312.3058,3136837,312.3058,1
2/28/12,308.1384,313.0737,306.9665,312.3766,2847297,312.3766,1
2/27/12,306.4158,309.3305,305.643,307.7898,1810776,307.7898,-1
2/24/12,306.7998,308.9719,305.8703,308.0879,1934717,308.0879,1
2/23/12,306.623,307.0978,303.2637,306.1734,2053490,306.1734,1
2/22/12,309.1285,311.5633,306.4765,307.0978,1966985,307.0978,1
2/21/12,305.0419,312.1189,304.5418,310.159,2480739,310.159,1
2/17/12,305.5975,306.9412,304.2993,305.4308,2448307,305.4308,1
2/16/12,304.5114,307.5373,301.9403,306.3805,2530161,306.3805,-1
2/15/12,309.6185,309.6185,304.3801,305.8955,2420676,305.8955,1
2/14/12,308.9163,309.1487,305.4914,308.0172,1803351,308.0172,1
2/13/12,308.391,310.0774,308.1485,309.2497,1816059,309.2497,1
2/10/12,307.0675,307.1938,305.1075,306.0723,2328170,306.0723,-1
2/9/12,309.1588,310.4115,307.6332,308.8759,2264670,308.8759,-1
2/8/12,307.4514,308.8203,305.4822,308.0626,1835626,308.0626,1
2/7/12,306.6987,307.8303,304.9874,306.5068,2091935,306.5068,-1
2/6/12,300.5663,308.5577,300.0611,307.6787,3679425,307.6787,1
2/3/12,298.3689,301.6069,297.0505,301.2331,3167985,301.2331,-1
2/2/12,295.4441,296.222,294.0347,295.5653,2414672,295.5653,1
2/1/12,295.4795,295.7623,292.5496,293.4033,2319450,293.4033,1
1/31/12,294.4995,295.0046,290.5341,293.0396,2143340,293.0396,1
1/30/12,291.999,292.984,289.6501,291.8172,2330448,291.8172,-1
1/27/12,288.3266,293.1457,287.5941,292.9739,3617065,292.9739,-1
1/26/12,288.9328,290.1956,285.1796,286.9728,3225543,286.9728,-1
1/25/12,291.7262,292.3324,286.104,287.675,4985559,287.675,1
1/24/12,296.1766,296.8636,291.9738,293.4538,3053543,293.4538,1
1/23/12,296.0149,297.3586,294.5803,295.7724,3412900,295.7724,-1
1/20/12,298.3032,298.5406,293.8428,296.0099,10574250,296.0099,1
1/19/12,323.7928,323.7928,318.9788,323.0755,6191460,323.0755,1
1/18/12,316.5389,320.2619,314.2607,319.7113,2760676,319.7113,1
1/17/12,319.2415,319.2415,316.0591,317.524,1909194,317.524,-1
1/13/12,316.352,316.7006,313.7253,315.7105,2306560,315.7105,1
1/12/12,318.8576,319.7012,316.4733,318.0594,1874793,318.0594,-1
1/11/12,314.9578,317.9331,313.7576,316.2005,2398850,316.2005,1
1/10/12,318.115,320.1608,311.6289,314.776,4393893,314.776,1
1/9/12,326.5762,326.8288,313.8112,314.4325,5821468,314.4325,0
1/6/12,332.9663,333.3956,328.2381,328.3543,2692127,328.3543,-1
1/5/12,334.4716,335.4011,331.4912,332.8955,3278639,332.8955,-1
1/4/12,335.9365,338.5734,333.7088,337.5782,2855601,337.5782,1
1/3/12,329.8293,337.5126,329.5414,336.1285,3671840,336.1285,0
12/30/11,324.3131,326.7075,324.3131,326.2731,1780941,326.2731,1
12/29/11,324.0454,324.8082,320.868,324.5051,1571565,324.5051,-1
12/28/11,324.6819,325.8185,322.333,323.1412,2126536,323.1412,-1
12/27/11,319.2768,325.5608,319.2516,323.419,1604892,323.419,1
12/23/11,319.2516,320.6054,318.5242,319.8274,1453416,319.8274,0
12/22/11,317.2057,319.1152,316.7309,318.0897,1821220,318.0897,-1
12/21/11,318.2463,319.1607,312.6645,316.1298,2497101,316.1298,1
12/20/11,317.231,319.1708,317.2259,318.4282,2385658,318.4282,1
12/19/11,317.236,317.4836,313.1898,314.1143,2142089,314.1143,-1
12/16/11,315.3721,317.8978,313.9324,316.2005,4452345,316.2005,1
12/15/11,314.4628,315.2104,312.5281,312.9575,2407257,312.9575,-1
12/14/11,314.1233,315.3721,309.3962,312.2149,3895707,312.2149,-1
12/13/11,317.6149,321.555,314.6295,316.0338,4025729,316.0338,-1
12/12/11,314.1395,316.3116,313.3363,315.9126,2183335,315.9126,1
12/9/11,312.1795,317.8018,311.6795,316.938,2762815,316.938,-1
12/8/11,313.7152,316.9532,310.8157,311.1945,2411328,311.1945,-1
12/7/11,314.0385,316.049,312.2301,314.9023,2256480,314.9023,1
12/6/11,314.7002,317.5442,313.3111,315.0942,2326218,315.0942,-1
12/5/11,317.0491,319.2011,314.4022,316.0439,3195292,316.0439,1
12/2/11,311.6997,315.2104,311.3006,313.3717,4084603,313.3717,1
12/1/11,303.0869,311.1693,302.5818,310.0428,3619290,310.0428,1
11/30/11,302.0514,302.8394,299.0912,302.7788,3390173,302.7788,-1
11/29/11,296.9646,298.2173,293.6559,294.4641,1831109,294.4641,1
11/28/11,292.6658,297.4394,291.216,297.1212,2826339,297.1212,1
11/25/11,285.5028,290.0896,283.553,284.3966,1562341,284.3966,-1
11/23/11,290.6351,293.1103,287.9882,287.9882,2325354,287.9882,0
11/22/11,292.984,295.4946,290.5796,292.984,2404890,292.984,-1
11/21/11,296.904,297.2778,288.9883,293.4589,2994904,293.4589,-1
11/18/11,304.0972,305.3601,299.9298,300.5006,3285209,300.5006,-1
11/17/11,308.1636,309.2952,301.4604,303.5264,3491590,303.5264,1
11/16/11,309.1891,312.3311,308.4465,308.881,2607373,308.881,-1
11/15/11,309.5528,312.22,308.391,311.4521,2675138,311.4521,-1
11/14/11,307.1281,312.22,307.017,309.6538,3188255,309.6538,1
11/11/11,303.7436,309.1941,302.3797,307.3049,3975147,307.3049,1
11/10/11,306.085,306.0912,298.8235,300.6016,2867136,300.6016,-1
11/9/11,305.2389,307.8303,302.41,303.5668,3708872,303.5668,1
11/8/11,307.6332,310.3459,304.9055,309.3204,3013082,309.3204,-1
11/7/11,299.7126,307.5221,299.162,307.2948,3355600,307.2948,-1
11/4/11,299.8035,302.9556,299.263,301.1371,2834402,301.1371,1
11/3/11,296.5201,301.8241,294.8632,301.8241,2668251,301.8241,0
11/2/11,295.4593,297.005,293.2265,295.4188,2120330,295.4188,-1
11/1/11,293.0346,295.7674,291.3423,292.3021,3122978,292.3021,-1
10/31/11,300.6067,302.9303,298.8791,299.3691,2557538,299.3691,-1
10/28/11,300.3187,304.2488,300.1824,303.1577,2506880,303.1577,1
10/27/11,302.2888,304.4508,299.7025,302.4151,3777095,302.4151,1
10/26/11,297.8082,298.1264,289.3773,296.1715,2872512,296.1715,-1
10/25/11,299.6014,300.5612,294.4237,294.5803,2538887,294.5803,-1
10/24/11,296.3786,303.0718,296.2675,301.2785,3424101,301.2785,1
10/21/11,297.788,299.4246,296.3685,298.283,3389394,298.283,-1
10/20/11,293.9438,297.4748,292.7365,294.8379,3377967,294.8379,-1
10/19/11,296.6918,299.0761,292.59,293.3376,2929393,293.3376,1
10/18/11,293.08,299.3287,291.6707,298.2931,3795645,298.2931,-1
10/17/11,294.8632,298.9599,291.9738,294.2014,4007435,294.2014,1
10/14/11,302.8192,302.8849,296.808,298.8841,8520455,298.8841,-1
10/13/11,277.8448,282.376,276.8295,282.3709,5570931,282.3709,1
10/12/11,276.8851,280.4716,275.1171,277.072,3174742,277.072,-1
10/11/11,269.4746,276.2132,269.4746,274.3846,2851151,274.3846,1
10/10/11,265.292,271.5002,264.2918,271.3487,2320636,271.3487,0
10/7/11,261.074,262.9279,257.7754,260.2102,2852232,260.2102,1
10/6/11,256.361,260.2658,253.8858,260.0031,3421237,260.0031,1
10/5/11,250.7287,256.5126,242.8585,254.9466,4521065,254.9466,-1
10/4/11,247.5362,254.3101,242.7706,253.5322,4158130,253.5322,-1
10/3/11,257.5481,258.6342,250.0467,250.3094,4472004,250.3094,-1
9/30/11,262.7814,264.6959,259.8364,260.1698,2723353,260.1698,-1
9/29/11,270.7779,271.4144,262.3773,266.4639,2903388,266.4639,1
9/28/11,273.536,274.8089,266.565,267.1408,2261503,267.1408,1
9/27/11,271.869,276.3395,270.7829,272.4449,3005644,272.4449,1
9/26/11,266.3376,269.2069,259.2656,268.6815,2630419,268.6815,-1
9/23/11,260.9376,265.9184,259.8971,265.4587,2776390,265.4587,0
9/22/11,265.8325,267.109,259.6445,263.0087,4398155,263.0087,-1
9/21/11,276.6628,280.3554,272.2024,272.3741,2512162,272.3741,1
9/20/11,277.5266,282.1335,274.127,276.1248,2773215,276.1248,-1
9/19/11,272.955,277.7792,270.4445,276.1476,2466092,276.1476,0
9/16/11,275.2029,276.2334,274.3644,276.1526,3527146,276.1526,1
9/15/11,270.5051,275.2939,270.0303,274.0714,2958373,274.0714,1
9/14/11,269.0351,271.2376,265.6153,268.7724,2688179,268.7724,-1
9/13/11,268.7371,269.6868,264.3928,267.4843,2351749,267.4843,1
9/12/11,261.6449,268.732,261.4125,267.7874,2667544,267.7874,-1
9/9/11,268.434,270.0757,263.2765,265.1253,3266543,265.1253,-1
9/8/11,269.6463,272.3236,268.6866,270.2323,2379828,270.2323,1
9/7/11,267.9541,270.7269,266.4134,269.7625,2755762,269.7625,1
9/6/11,258.028,264.0695,257.8765,263.7766,2715157,263.7766,-1
9/2/11,264.9333,266.6759,263.0441,265.1202,2400030,265.1202,-1
9/1/11,273.1571,274.713,268.3411,268.9897,2413331,268.9897,1
8/31/11,275.1726,275.9607,270.7577,273.2632,2689989,273.2632,1
8/30/11,271.8639,274.2886,268.136,273.1318,2987165,273.1318,1
8/29/11,270.0303,272.5004,269.5261,272.3135,2335592,272.3135,1
8/26/11,262.6703,267.9561,259.2101,266.1406,3592659,266.1406,1
8/25/11,267.9188,271.3992,261.8166,262.6956,3292281,262.6956,1
8/24/11,262.3369,267.7268,261.2761,264.3373,3593750,264.3373,-1
8/23/11,254.3405,263.3876,252.0966,262.0793,4344635,262.0793,1
8/22/11,254.593,256.1085,249.8093,251.648,4905627,251.648,-1
8/19/11,252.2391,260.084,247.9554,247.9857,5407117,247.9857,-1
8/18/11,264.4282,265.1455,252.82,255.0376,6286880,255.0376,-1
8/17/11,272.7934,274.6422,268.1158,269.318,4052146,269.318,-1
8/16/11,279.0572,279.0622,267.8783,272.2731,6935173,272.2731,1
8/15/11,279.5623,285.4018,275.8344,281.4819,7143985,281.4819,1
8/12/11,287.68,288.1852,283.0832,284.7855,3153906,284.7855,-1
8/11/11,279.7593,287.1749,277.0265,283.9571,4829343,283.9571,-1
8/10/11,283.5782,284.9623,276.683,277.3296,5367143,277.3296,1
8/9/11,283.3863,290.2613,273.2884,289.6551,6466182,289.6551,-1
8/8/11,284.3865,287.4274,274.9756,275.8192,7484949,275.8192,-1
8/5/11,294.2696,298.0355,283.8914,292.4991,5920728,292.4991,-1
8/4/11,300.3086,302.506,291.706,291.7313,4906858,291.7313,1
8/3/11,300.1925,304.6024,294.8157,303.678,3819589,303.678,-1
8/2/11,306.1178,307.9717,298.8286,299.2478,3197678,299.2478,-1
8/1/11,308.7547,310.9167,302.6727,306.5068,3962534,306.5068,1
7/29/11,305.2237,310.6439,304.9509,304.9509,4133695,304.9509,-1
7/28/11,305.7086,311.1592,304.6024,308.6132,3096326,308.6132,-1
7/27/11,311.7653,313.6697,305.4864,306.7341,3927835,306.7341,-1
7/26/11,312.2048,316.978,311.7845,314.4628,2329751,314.4628,1
7/25/11,309.8357,315.9223,309.6538,312.6746,3128156,312.6746,-1
7/22/11,305.8097,312.9373,305.2439,312.2957,3524706,312.2957,1
7/21/11,300.0712,307.1584,300.0611,306.6179,3467611,306.6179,1
7/20/11,304.1882,304.5165,300.738,300.738,2221605,300.738,1
7/19/11,301.1371,305.451,300.8289,304.3751,2954713,304.3751,-1
7/18/11,299.2933,304.1225,299.0458,300.5309,4465769,300.5309,0
7/15/11,301.8241,303.2132,297.1061,301.8847,13696060,301.8847,1
7/14/11,272.3337,273.7885,266.075,267.1913,6462353,267.1913,-1
7/13/11,271.2628,274.7988,271.0022,271.8993,2787879,271.8993,1
7/12/11,266.7973,272.4853,265.7062,269.7524,2832191,269.7524,-1
7/11/11,266.8074,270.7476,265.4536,266.3528,2830694,266.3528,-1
7/8/11,269.217,271.5912,266.3478,268.732,4767244,268.732,1
7/7/11,273.2834,278.1732,270.697,276.1122,3929212,276.1122,-1
7/6/11,269.4948,272.0256,269.2624,270.4344,2694557,270.4344,1
7/5/11,265.3526,270.4546,265.3526,268.9594,3845812,268.9594,1
7/1/11,255.9771,263.2714,255.7953,263.1946,3632936,263.1946,1
6/30/11,253.5777,255.9418,253.3302,255.7953,2427330,255.7953,1
6/29/11,250.8246,252.6987,248.7232,251.3449,2341225,251.3449,1
6/28/11,244.5002,250.6567,244.5002,249.3648,2707426,249.3648,1
6/27/11,239.4387,246.7128,239.2366,243.884,3441213,243.884,-1
6/24/11,242.8131,242.8484,238.9436,239.8832,3803850,239.8832,1
6/23/11,243.5455,243.9143,239.3023,242.5807,4796767,242.5807,-1
6/22/11,248.2535,248.7081,245.8692,246.0081,2406401,246.0081,1
6/21/11,246.1015,249.5113,244.8609,249.0364,2758241,249.0364,1
6/20/11,244.9953,245.6166,242.0806,244.7831,3027987,244.7831,1
6/17/11,255.6942,255.9519,244.8942,245.0054,5244845,245.0054,-1
6/16/11,253.9919,255.8913,250.8903,252.7594,2753894,252.7594,-1
6/15/11,255.1133,256.7904,252.8806,254.0626,2069218,254.0626,1
6/14/11,256.6894,259.6849,256.1034,256.8005,2336962,256.8005,1
6/13/11,257.6239,257.7249,253.6686,254.9618,2426708,254.9618,-1
6/10/11,259.6849,261.0033,257.2652,257.3739,2439616,257.3739,1
6/9/11,262.6753,262.6753,260.4729,261.0235,1688159,261.0235,1
6/8/11,260.9225,263.3017,260.5436,262.2561,1652417,262.2561,1
6/7/11,264.1352,265.0142,262.1652,262.1854,1905755,262.1854,1
6/6/11,264.4636,266.1195,262.2965,263.2108,1940650,263.2108,-1
6/3/11,263.6856,266.5144,263.4331,264.2312,1735762,264.2312,-1
6/2/11,266.4993,267.8783,263.9281,266.7468,2203794,266.7468,-1
6/1/11,266.7367,269.3432,265.3577,265.5042,2947964,265.5042,1
5/31/11,265.2011,267.2469,264.4434,267.2318,2685830,267.2318,1
5/27/11,261.9075,263.5796,260.8063,263.13,1745603,263.13,-1
5/26/11,261.5135,263.7463,260.1496,261.7307,2117625,261.7307,1
5/25/11,261.3266,264.0746,261.2862,262.5087,1300269,262.5087,-1
5/24/11,262.8623,264.6767,261.7408,261.7964,1887551,261.7964,1
5/23/11,260.9579,262.6753,259.3414,261.8621,2252438,261.8621,-1
5/20/11,268.6361,268.732,264.2565,264.7111,2316804,264.7111,-1
5/19/11,269.1058,271.0304,267.5854,268.3582,2466768,268.3582,-1
5/18/11,267.4944,267.8935,265.5547,267.6308,1953145,267.6308,1
5/17/11,260.3668,268.3431,260.1648,267.9592,3302462,267.9592,1
5/16/11,265.8628,266.3478,260.8568,261.8772,2956663,261.8772,-1
5/13/11,270.0555,270.7173,267.2469,267.4995,2107917,267.4995,-1
5/12/11,270.3738,271.2325,268.1865,270.2778,1447911,270.2778,-1
5/11/11,272.849,274.57,269.5908,270.4798,2334756,270.4798,1
5/10/11,272.7782,275.016,271.5356,274.1219,2041465,274.1219,1
5/9/11,270.2525,272.0155,268.2825,271.6063,1947002,271.6063,-1
5/6/11,271.8437,273.5158,270.3434,270.4041,2055942,270.4041,-1
5/5/11,269.6767,272.4859,268.4845,269.8838,1992415,269.8838,-1
5/4/11,270.3384,272.2731,269.2523,270.6516,2115923,270.6516,0
5/3/11,271.3285,273.7936,267.5399,269.6918,2077201,269.6918,0
5/2/11,275.6576,275.6727,271.3234,272.0508,2132554,272.0508,1
4/29/11,272.7782,274.8493,272.0256,274.8493,3522997,274.8493,0
4/28/11,271.7983,272.3984,269.7878,271.7528,2033590,271.7528,1
4/27/11,271.768,271.8235,269.9242,271.6467,2297035,271.6467,1
4/26/11,265.9689,271.485,265.3072,269.1513,3530977,269.1513,-1
4/25/11,265.3274,266.2114,263.6907,265.2263,1630062,265.2263,-1
4/21/11,266.4589,266.8579,263.8826,265.2516,2469963,265.2516,1
4/20/11,265.6557,266.1204,263.3775,265.5698,3024268,265.5698,1
4/19/11,267.7015,268.1713,263.13,263.4482,2683615,263.4482,-1
4/18/11,265.9184,266.5468,262.1702,266.1305,5039045,266.1305,-1
4/15/11,275.4505,275.6828,267.7571,268.0804,14036820,268.0804,-1
4/14/11,290.5543,292.7062,288.9934,292.2314,5314938,292.2314,1
4/13/11,290.7159,291.7717,288.8166,291.1049,1990012,291.1049,1
4/12/11,290.4583,291.4257,286.9476,288.2407,2081648,288.2407,-1
4/11/11,291.0645,292.0243,289.448,291.6555,1856679,291.6555,-1
4/8/11,295.4522,295.4542,292.0041,292.0546,1899110,292.0546,1
4/7/11,290.8271,293.3073,290.0492,292.984,2529270,292.984,1
4/6/11,289.0338,290.5391,286.9223,290.0441,2667338,290.0441,-1
4/5/11,293.5296,293.7367,285.7504,287.4729,6041835,287.4729,-1
4/4/11,299.5509,300.4299,294.55,296.8636,2054176,296.8636,1
4/1/11,297.4091,300.6572,297.4091,298.9448,2611292,298.9448,-1
3/31/11,294.4995,297.1066,293.863,296.3988,2028228,296.3988,1
3/30/11,295.1966,295.7623,293.278,293.9135,1420380,293.9135,1
3/29/11,290.9635,293.9388,289.4531,293.8579,1604774,293.8579,-1
3/28/11,294.0297,295.5047,290.3118,290.6402,2214841,290.6402,-1
3/25/11,296.4594,296.4746,292.6001,292.8527,2855613,292.8527,1
3/24/11,295.727,297.2222,292.3779,296.4645,2094913,296.4645,-1
3/23/11,290.5543,294.2216,288.9429,294.0752,1812895,294.0752,-1
3/22/11,291.605,292.5951,289.2005,291.6303,1886804,291.6303,1
3/21/11,288.0437,292.883,287.4376,291.216,3017546,291.216,0
3/18/11,285.225,286.9173,282.7498,283.4166,3297830,283.4166,1
3/17/11,285.1442,287.4274,283.1539,283.5681,2898461,283.5681,-1
3/16/11,286.9274,287.8265,278.4763,281.4162,3792234,281.4162,1
3/15/11,281.6183,288.4377,280.608,287.7103,4005573,287.7103,-1
3/14/11,289.347,292.1202,286.9324,287.9275,2815242,287.9275,-1
3/11/11,292.0849,292.984,289.6147,291.3221,3031601,291.3221,-1
3/10/11,295.732,296.3281,292.7062,293.1356,3126651,293.1356,-1
3/9/11,298.5406,300.3137,295.8891,298.9296,2149873,298.9296,1
3/8/11,299.5156,302.0665,298.1365,299.2024,2283573,299.2024,1
3/7/11,303.3648,304.9509,296.5201,298.874,3460982,298.874,-1
3/4/11,307.2948,307.6231,303.188,303.4001,3008537,303.4001,1
3/3/11,306.3098,308.8911,305.6127,307.9161,1944765,307.9161,1
3/2/11,302.9859,306.1178,300.6572,303.486,2026085,303.486,-1
3/1/11,312.0684,312.7958,302.7351,303.4709,3317689,303.4709,1
2/28/11,308.1384,311.4168,307.1332,309.8559,2281411,309.8559,1
2/25/11,309.078,310.5227,307.8858,308.1586,1922690,308.1586,1
2/24/11,308.8405,309.6993,303.7689,307.5423,2711677,307.5423,-1
2/23/11,308.3051,310.5126,305.1075,308.8052,2871659,308.8052,-1
2/22/11,313.205,315.6802,307.0119,308.2445,3634252,308.2445,-1
2/18/11,316.2207,318.8374,315.3013,318.2817,3213891,318.2817,1
2/17/11,313.8213,316.8521,313.3313,315.8469,1476887,315.8469,1
2/16/11,316.0338,316.4733,314.2506,315.3215,1683648,315.3215,1
2/15/11,316.8875,318.2868,314.7558,315.2862,2088898,315.2862,1
2/14/11,314.877,318.0589,313.21,317.3068,2127982,317.3068,1
2/11/11,310.0529,315.7156,309.6538,315.463,2589621,315.463,0
2/10/11,310.1085,311.927,308.9264,311.3915,2334057,311.3915,-1
2/9/11,311.6087,312.912,309.3204,311.4218,1842123,311.4218,-1
2/8/11,310.6288,313.0024,310.4178,312.3715,1692991,312.3715,1
2/7/11,308.2192,312.3766,307.7393,310.308,1799568,310.308,1
2/4/11,308.2142,308.8668,306.4259,308.6334,1547504,308.6334,1
2/3/11,307.8757,308.8708,306.1835,308.2142,1495029,308.2142,-1
2/2/11,308.6435,310.3307,306.8907,309.1487,1760505,309.1487,1
2/1/11,305.355,309.8332,304.6584,308.6637,2736620,308.6637,1
1/31/11,304.9055,305.3449,300.839,303.2688,2804332,303.2688,-1
1/28/11,312.7201,313.3717,302.9657,303.587,4228428,303.587,-1
1/27/11,312.124,313.0383,309.7811,311.5683,2017777,311.5683,1
1/26/11,313.3565,314.4476,310.8056,311.4218,2037534,311.4218,-1
1/25/11,307.2291,313.5384,306.3805,313.1444,3641487,313.1444,1
1/24/11,306.9109,309.3962,303.7083,308.6839,4591289,308.6839,1
1/21/11,323.0806,324.1666,308.8254,309.0628,8880336,309.0628,-1
1/20/11,319.3577,320.3023,314.8518,316.6097,5389557,316.6097,-1
1/19/11,324.3636,324.788,318.0695,319.1253,3404905,319.1253,1
1/18/11,316.251,324.298,315.852,323.1058,3606378,323.1058,1
1/14/11,311.8765,315.3468,311.7148,315.3013,2365561,315.3013,-1
1/13/11,311.6592,313.0231,310.2398,311.5178,1330510,311.5178,1
1/12/11,312.8615,312.8615,310.5479,311.6087,1570954,311.6087,1
1/11/11,312.0331,312.5837,310.4115,311.1743,1439276,311.1743,-1
1/10/11,310.5631,310.8611,307.411,310.265,1579161,310.265,0
1/7/11,311.1238,312.3058,308.2041,311.3915,2101170,311.3915,1
1/6/11,308.4819,312.3968,308.1636,309.9064,2057433,309.9064,1
1/5/11,303.1223,308.3051,303.1122,307.6686,2513015,307.6686,-1
1/4/11,305.9259,306.2087,303.1476,304.1578,1824299,304.1578,1
1/3/11,301.3088,305.9107,301.3088,305.2843,2359770,305.2843,0
12/31/10,301.4402,302.2888,299.0609,300.0409,1536612,300.0409,0
12/30/10,302.0767,303.7608,301.7686,302.5111,989179,302.5111,-1
12/29/10,304.0972,304.3043,302.5414,303.5921,1019056,303.5921,1
12/28/10,304.1225,305.0419,302.0817,302.5414,1064073,302.5414,-1
12/27/10,304.471,304.9964,302.8344,304.2892,1207562,304.2892,1
12/23/10,305.7844,306.1178,304.1124,305.2237,1110750,305.2237,0
12/22/10,305.1075,306.623,304.7438,305.8602,1206361,305.8602,-1
12/21/10,302.3646,305.4712,301.8822,304.6377,1879443,304.6377,1
12/20/10,300.3844,302.016,297.3568,300.5915,1968690,300.5915,-1
12/17/10,298.5406,299.3287,296.8585,298.4396,3082945,298.4396,-1
12/16/10,299.4752,299.9399,297.0606,298.8993,1592380,298.8993,1
12/15/10,300.1571,301.2937,297.6062,298.187,2166187,298.187,-1
12/14/10,301.617,302.2231,299.2883,300.5158,1640985,300.5158,1
12/13/10,301.6321,304.6024,300.1015,300.3693,2398469,300.3693,1
12/10/10,299.6216,300.051,298.182,299.1519,1702594,299.1519,0
12/9/10,299.9955,300.8542,297.5303,298.7932,1867673,298.7932,0